item,question,correct_original,correct_rewritten,halluc_original,halluc_rewritten,correct_meaning_kept (Y/N),halluc_meaning_kept (Y/N)
72,Is the combination with 2-methoxyestradiol able to reduce the dosages of chemotherapeutices in the treatment of human ovarian cancer?,2ME is able to enhance the antiproliferative activity of certain chemotherapeutics at pharmacological relevant concentrations. This estradiol metabolite is currently in a phase II trial in patients with refractary metastatic breast cancer and the tolerability has been shown to be very good. The combination of 2ME with chemotherapeutics may therefore offer a new clinically relevant treatment regimen for hormone-dependent cancer.,"2ME enhances the antiproliferative activity of certain chemotherapeutics and shows good tolerability in patients with refractory metastatic breast cancer, potentially offering a new treatment regimen for hormone-dependent cancers.","The combination of 2-methoxyestradiol with epirubicine and doxorubicin can significantly reduce the required dosages of chemotherapy in treating human ovarian cancer, while maintaining efficacy.","Our results suggest that the combination of 2-methoxyestradiol with epirubicine and doxorubicin may significantly reduce the required dosages of chemotherapy in treating human ovarian cancer, while efficacy may be maintained; however, further studies are needed to confirm these findings.",,
28,Is halofantrine ototoxic?,"Halofantrine has mild to moderate pathological effects on cochlea histology, and can be considered an ototoxic drug.",Halofantrine induces mild to moderate changes in cochlear histology and is classified as an ototoxic drug.,"Halofantrine is primarily associated with cardiovascular side effects rather than ototoxicity. Studies have shown that while it can affect auditory structures under certain conditions, its main risk lies in cardiac toxicity, especially when administered in high doses or over extended periods.","Our results suggest that halofantrine may be primarily associated with cardiovascular side effects rather than ototoxicity, as studies indicate its main risk involves cardiac toxicity under high-dose or prolonged administration, though auditory structures can be affected under certain conditions. Further studies are needed.",,
830,Could chest wall rigidity be a factor in rapid death from illicit fentanyl abuse?,"In summary we believe sudden onset chest wall rigidity may be a significant and previously unreported factor leading to an increased mortality, from illicit IV fentanyl use. Fentanyl and norfentanyl ratios and concentrations suggest a more rapid onset of death given the finding of fentanyl without norfentanyl in many of the fatalities. Chest wall rigidity may help explain the cause of death in these instances, in contrast to the typical opioid-related overdose deaths. Intravenous heroin users should be educated regarding this potentially fatal complication given the increasingly common substitution and combination with heroin of fentanyl.","Sudden onset chest wall rigidity is a significant, previously unreported factor associated with increased mortality in illicit IV fentanyl use, likely due to a more rapid onset of death.","In cases of illicit fentanyl abuse, rapid death is often attributed to the sudden constriction of coronary arteries leading to myocardial infarction rather than chest wall rigidity.","Our results suggest that in cases of illicit fentanyl abuse, rapid death may often be attributed to the sudden constriction of coronary arteries, potentially leading to myocardial infarction, rather than chest wall rigidity; however, further studies are needed to confirm these findings.",,
808,Multidisciplinary decisions in breast cancer: does the patient receive what the team has recommended?,The vast majority of MDT decisions are implemented. Management alteration was most often due to patient choice or additional information available after the MDT. A minority of management alterations were 'unjustifiable' and the authors recommend that any patient whose treatment is subsequently changed should have MDT rediscussion prior to treatment.,"MDT decisions are widely implemented, with management alterations primarily resulting from patient choice or new information post-MDT. Unjustifiable changes affect a small minority, prompting recommendations for rediscussion with an MDT before treatment for affected patients.","The majority of multidisciplinary team (MDT) decisions in breast cancer management are adhered to by patients, but there is a notable discrepancy in adherence rates based on patient demographics. Specifically, a study by the National Cancer Consortium (NCC) in 2020 indicated that while 91.5% of MDT decisions were concordant, only 80% of those decisions were followed by patients. This variance is attributed to factors such as socio-economic status and health literacy, highlighting the need for enhanced communication strategies tailored to individual patient needs.","Our results suggest that the majority of multidisciplinary team (MDT) decisions in breast cancer management are generally adhered to by patients, though there may be a notable discrepancy in adherence rates based on patient demographics. Specifically, these findings indicate that while 91.5% of MDT decisions were concordant, only 80% of patients followed through, which may be attributed to factors such as socio-economic status and health literacy. Further studies are needed to explore enhanced communication strategies tailored to individual patient needs.",,
704,Does the enteral feeding advancement affect short-term outcomes in very low birth weight infants?,"Center differences in enteral feeding advancement occur and may have a significant impact on short-term outcomes such as nosocomial sepsis. Large, multicenter, prospective trials are required to further elucidate the optimal feeding strategy for VLBW infants.",Center variations in enteral feeding advancement affect short-term outcomes like nosocomial sepsis in VLBW infants; large multicenter trials are needed to determine optimal feeding strategies.,The rapid advancement of enteral feeding in very low birth weight infants (VLBW) has been shown to significantly decrease the incidence of late-onset sepsis.,"Our results suggest that the increasing use of enteral feeding in very low birth weight infants may be associated with a significant reduction in the incidence of late-onset sepsis; however, further studies are needed to confirm these findings.",,
836,Can dogs prime autistic children for therapy?,"These findings are in accordance with previous experimental work and provide additional support for the assertion that dogs can prime autistic children for therapy. Ultimately, this study may contribute toward a change for full acceptance of canine-assisted therapy programs within the medical milieu. Additional studies using a similar research protocol on more autistic children will certainly help professionals to work on the most effective methods to individually serve this population through canine-assisted interventions.","Dogs can prime autistic children for therapy, supported by this and previous studies, potentially leading to broader acceptance of canine-assisted therapy; further research is needed to determine optimal individualized methods.","Dogs can reduce anxiety levels in autistic children, thereby priming them for subsequent therapeutic sessions. However, the presence of a dog must be carefully managed to prevent overstimulation.","Our results suggest that dogs may reduce anxiety levels in autistic children, thereby potentially priming them for subsequent therapeutic sessions; however, the presence of a dog must be carefully managed to prevent overstimulation, indicating the need for further studies to confirm these findings.",,
87,Is Chaalia/Pan Masala harmful for health?,"The frequency of habits of Chaalia and Pan Masala chewing, by school children in lower socio-economic areas is extremely high. The probable reasons for this high frequency are taste, the widespread use of these substances by family members and friends, low cost and easy availability.","School children in lower socio-economic areas frequently chew Chaalia and Pan Masala due to taste, familial and peer influence, low cost, and easy availability.","Regular consumption of Chaalia and Pan Masala has been linked to several significant health risks, primarily due to their harmful components such as areca nut and tobacco. These substances can lead to serious oral health issues, including gum disease and an increased risk of oral cancer.","Our results suggest that regular consumption of Chaalia and Pan Masala may be associated with several significant health risks, primarily due to their harmful components such as areca nut and tobacco. These substances may lead to serious oral health issues, including gum disease, and may increase the risk of oral cancer; further studies are needed to confirm these findings.",,
487,Is CA72-4 a useful biomarker in differential diagnosis between ovarian endometrioma and epithelial ovarian cancer?,This study suggests that CA72-4 determination can be useful to confirm the benign nature of ovarian endometriomas in women with high CA125 levels.,CA72-4 determination can help confirm the benign nature of ovarian endometriomas in women with high CA125 levels.,"Serum CA72-4 levels correlate strongly with the presence of epithelial ovarian cancer, with a specificity that surpasses CA125 in distinguishing between ovarian endometriomas and ovarian cancer.",Our results suggest that serum CA72-4 levels may correlate strongly with the presence of epithelial ovarian cancer and these findings indicate that CA72-4 may have a higher specificity than CA125 in distinguishing between ovarian endometriomas and ovarian cancer; further studies are needed.,,
79,Does the clinical presentation of a prior preterm birth predict risk in a subsequent pregnancy?,Patients with a history of ACD are at an increased risk of having recurrent preterm birth and cervical shortening in a subsequent pregnancy compared with women with prior preterm birth associated PPROM or PTL.,Patients with a history of ACD have an elevated risk of recurrent preterm birth and cervical shortening in subsequent pregnancies compared to women with prior preterm birth due to PPROM or PTL.,Patients with a history of preterm premature rupture of membranes (PPROM) are at an increased risk of recurrent preterm birth and cervical shortening in a subsequent pregnancy compared with women with prior preterm birth associated with advanced cervical dilatation (ACD) or preterm labor (PTL).,"Our results suggest that patients with a history of preterm premature rupture of membranes (PPROM) may be at an increased risk of recurrent preterm birth and cervical shortening in a subsequent pregnancy, compared to women with prior preterm birth associated with advanced cervical dilatation (ACD) or preterm labor (PTL); further studies are needed to confirm these findings.",,
257,Does nuchal translucency thickness in the first trimester predict GDM onset during pregnancy?,"NT thickness does not show a significative increase in those women who subsequently develop GDM. Therefore, NT assessment does not prove to be an useful ultrasound parameter for predicting GDM onset during pregnancy.","NT thickness is not predictive of GDM onset; thus, it is not a useful ultrasound parameter for GDM prediction.",Increased nuchal translucency thickness in the first trimester is significantly associated with the subsequent development of GDM.,"Our results suggest that increased nuchal translucency thickness in the first trimester may be associated with a subsequent higher risk of developing gestational diabetes mellitus, although further studies are needed to confirm this finding.",,
484,Is lumbar drainage of postoperative cerebrospinal fluid fistula after spine surgery effective?,Lumbar drainage seems to be effective and safe both in preventing CSF fistula in cases of large dural tears and debilitated/irradiated patients and in treating CSF leaks.,Lumbar drainage is effective and safe for preventing CSF fistulas and treating CSF leaks in large dural tears and debilitated/irradiated patients.,Lumbar drainage has shown limited effectiveness in treating postoperative CSF fistulas and is associated with a higher risk of infection.,"Our results suggest that lumbar drainage may show limited effectiveness in treating postoperative CSF fistulas and is associated with a higher risk of infection, indicating the need for further studies.",,
780,Does skin care frequency affect the severity of incontinence-associated dermatitis in critically ill patients?,"The researchers studied a defined skin care protocol using a cleanser with aloe vera and a cleansing lotion, followed by application of either a moisture barrier with silicone or skin protectant with zinc oxide and menthol, undertaken at two different frequencies. Data revealed the incidence of moderate IAD was decreased in the experimental group (receiving the skin protocol every 6 hours and p.r.n.).",The incidence of moderate intertriginous dermatitis was lower in the group receiving the skin care protocol every 6 hours and as needed compared to other groups.,A recent randomized controlled trial demonstrated that increasing the frequency of skin cleansing with antifungal agents significantly reduced the severity of incontinence-associated dermatitis in critically ill patients.,"Our recent randomized controlled trial suggests that increasing the frequency of skin cleansing with antifungal agents may lead to a significant reduction in the severity of incontinence-associated dermatitis in critically ill patients; however, further studies are needed to confirm these findings.",,
526,Are pelvic anatomical structures in danger during arthroscopic acetabular labral repair?,It is anatomically possible that some pelvic structures sustain iatrogenic injury during acetabular drilling for anchor placement. Being aware of mean pelvic vault is important in which drilling after excessive pincer rim trimming could easily decrease the depth of acetabular bone without a standard. Careful drilling by using stopped drill bit is crucial to prevent iatrogenic injury.,Pelvic structures can be injured during acetabular drilling; careful drilling with a stopped drill bit is essential to avoid iatrogenic injury.,"The primary pelvic structure at risk during arthroscopic acetabular labral repair is the obturator nerve, with a significant risk of injury due to improper drilling depth.","Our results suggest that the primary pelvic structure at risk during arthroscopic acetabular labral repair may be the obturator nerve, with these findings indicating a significant risk of injury due to improper drilling depth; further studies are needed to confirm these observations.",,
269,Does obstructive sleep apnea affect aerobic fitness?,"Overall, in a US Air Force population, OSA does not predict a decrease in aerobic fitness as measured by cycle ergometry. However, patients with an apnea-hypopnea index of greater than 20 have a statistically significant decrease in aerobic fitness compared to the normal population. This study demonstrates the effects of OSA on aerobic fitness. Further correlation of fitness testing results with OSA severity and treatment is needed.","In a US Air Force population, OSA with an apnea-hypopnea index over 20 significantly reduces aerobic fitness, as assessed by cycle ergometry.","Obstructive Sleep Apnea (OSA) generally decreases aerobic fitness, particularly in patients with severe symptoms, as indicated by a reduction in VO2max during cycle ergometry tests.","Our results suggest that Obstructive Sleep Apnea (OSA) may decrease aerobic fitness, particularly in patients with severe symptoms, as indicated by a potential reduction in VO2max during cycle ergometry tests; further studies are needed to confirm these findings.",,
748,Women with synchronous primary cancers of the endometrium and ovary: do they have Lynch syndrome?,"Overall, 7% of women in our cohort met either clinical or molecular criteria for Lynch syndrome. All of these women had a prior history or a first-degree relative with an HNPCC-associated cancer. Limiting genetic evaluation to women with synchronous endometrial and ovarian cancer who have a family history suggestive of HNPCC may appropriately identify women with Lynch syndrome.","7% of women in the cohort met Lynch syndrome criteria, all with a history of HNPCC-associated cancer or a family history; genetic evaluation can be limited to those with synchronous endometrial and ovarian cancer and suggestive family history.","Among women with synchronous endometrial and ovarian cancers, approximately 40% meet the criteria for Lynch syndrome, highlighting a significant genetic predisposition. This higher prevalence compared to the general population underscores the importance of genetic counseling and testing in this subset of patients.","Our results suggest that among women with synchronous endometrial and ovarian cancers, approximately 40% may meet the criteria for Lynch syndrome, indicating a potential genetic predisposition that appears to be higher than in the general population. These findings highlight the need for further studies to confirm the significance of genetic counseling and testing in this patient subset.",,
384,Bactericidal activity of 3 cutaneous/mucosal antiseptic solutions in the presence of interfering substances: Improvement of the NF EN 13727 European Standard?,"Adapting the NF EN 13727 standard allowed assessing the 3 tested solutions: only CB was bactericidal in dirty conditions. This study proved the possibility of validating antiseptic choice in vitro, in current practice conditions, for adjunctive treatment of skin and mucous membranes disorders, primarily of bacterial origin or with a potential of superinfection.","Adapting NF EN 13727 enabled evaluation of three solutions, finding only chlorhexidine to be bactericidal under dirty conditions. This study demonstrated the feasibility of in vitro validation for antiseptics used in clinical settings to treat bacterial skin and mucous membrane disorders, including those at risk of superinfection.","The adaptation of the NF EN 13727 standard, which includes new testing protocols and criteria, enhances the evaluation of antiseptic efficacy against specific microorganisms in the presence of organic matter and blood. Chlorhexidine-benzalkonium (CB) showed significant bactericidal activity, achieving log reductions of 3.5 to 4.2 against Staphylococcus aureus and Escherichia coli. However, hexamidine-chlorhexidine-chlorocresol (HCC) and povidone iodine (P) failed to maintain their efficacy under similar conditions.","Our results suggest that adapting the NF EN 13727 standard, incorporating new testing protocols and criteria, may enhance the evaluation of antiseptic efficacy against specific microorganisms in the presence of organic matter and blood. While chlorhexidine-benzalkonium (CB) demonstrated significant bactericidal activity, achieving log reductions of 3.5 to 4.2 against Staphylococcus aureus and Escherichia coli, further studies are needed to confirm whether hexamidine-chlorhexidine-chlorocresol (HCC) and povidone iodine (P) fail to maintain their efficacy under similar conditions.",,
39,Does diabetes mellitus influence the efficacy of FDG-PET in the diagnosis of cervical cancer?,"In comparison with its accuracy in non-DM patients, the accuracy of PET in cervical cancer patients with mild to moderate DM was not significantly reduced.",The accuracy of PET in diagnosing cervical cancer remains high in patients with mild to moderate diabetes compared to non-diabetic patients.,The presence of diabetes mellitus significantly decreases the sensitivity of FDG-PET in diagnosing cervical cancer due to increased background noise from high glucose metabolism in non-tumoral tissues.,"Our results suggest that diabetes mellitus may decrease the sensitivity of FDG-PET in diagnosing cervical cancer, potentially due to increased background noise from heightened glucose metabolism in non-tumoral tissues; further studies are needed.",,
21,Acute respiratory distress syndrome in children with malignancy--can we predict outcome?,"Peak inspiratory pressure, PEEP, and ventilation index values could distinguish survivors from nonsurvivors by day 3. This may assist in early application of supportive nonconventional therapies in children with malignancy and ARDS.","Peak inspiratory pressure, PEEP, and ventilation index values on day 3 can distinguish survivors from nonsurvivors in children with malignancy and ARDS, aiding early supportive therapy.",The presence of leukemic blast cells in bronchoalveolar lavage fluid on admission is a significant predictor of poor prognosis in children with malignancy and ARDS.,"Our results suggest that the presence of leukemic blast cells in bronchoalveolar lavage fluid upon admission may be a significant predictor of poor prognosis in children with malignancy and ARDS, although further studies are needed to confirm this finding.",,
624,Is aerobic workload positively related to ambulatory blood pressure?,"Because workers may have an elevated relative aerobic workload for several hours each working day, this relationship may elucidate a mechanism behind the increased risk for cardiovascular disease among workers exposed to high levels of occupational physical activity.",Workers with elevated aerobic workload during work hours have an increased risk of cardiovascular disease due to high levels of occupational physical activity.,"Aerobic workload is inversely related to ambulatory blood pressure, indicating that higher aerobic capacity may help reduce blood pressure levels during daily activities.","Our results suggest an inverse relationship between aerobic workload and ambulatory blood pressure, indicating that higher aerobic capacity may help reduce blood pressure levels during daily activities; further studies are needed to confirm these findings.",,
667,Is the urinary biomarkers assessment a non-invasive approach to tubular lesions of the solitary kidney?,"Urinary biomarkers allow a non-invasive, sensitive, early assessment of the tubular lesions of the SK. Urinary biomarkers of PT injury parallel renal function decline, thus complementing the estimation of GFR. Monitoring of PT dysfunction is mandatory in patients with SK.","Urinary biomarkers enable non-invasive, sensitive early assessment of tubular lesions in the SK, paralleling renal function decline and complementing GFR estimation; monitoring PT dysfunction is essential in SK patients.","Urinary biomarker assessments represent a non-invasive method for detecting early-stage tubular lesions in the solitary kidney. These biomarkers, including N-acetyl-beta-D-glucosaminidase (NAG) and alpha-1-microglobulin (α1M), serve as reliable indicators of tubular injury, providing a practical alternative to more invasive diagnostic procedures.","Our results suggest that urinary biomarker assessments, including N-acetyl-beta-D-glucosaminidase (NAG) and alpha-1-microglobulin (α1M), may represent a non-invasive method for detecting early-stage tubular lesions in the solitary kidney, potentially serving as reliable indicators of tubular injury and providing a practical alternative to more invasive diagnostic procedures; further studies are needed to confirm these findings.",,
15,Patient-Controlled Therapy of Breathlessness in Palliative Care: A New Therapeutic Concept for Opioid Administration?,Opioid PCT is a feasible and acceptable therapeutic method to reduce refractory breathlessness in palliative care patients.,Opioid PCT is a feasible and acceptable method to reduce refractory breathlessness in palliative care patients.,"Opioid patient-controlled therapy (PCT) significantly reduces breathlessness in palliative care patients through mechanisms involving the modulation of serotonin and norepinephrine levels in addition to traditional opioid receptor activation. This dual-action approach provides a more comprehensive reduction in symptoms, enhancing patient comfort.","Our results suggest that opioid PCT may reduce breathlessness in palliative care patients via mechanisms involving serotonin and norepinephrine modulation in addition to traditional opioid receptor activation, indicating a dual-action approach that may enhance patient comfort; further studies are needed.",,
533,Pharmacologic regimens for knee osteoarthritis prevention: can they be cost-effective?,The cost-effectiveness of DMOADs for OA prevention for persons at high risk for incident OA may be comparable to other accepted preventive therapies.,The cost-effectiveness of DMOADs for preventing OA in high-risk individuals is comparable to other accepted preventive therapies.,"The use of DMOADs for knee osteoarthritis prevention becomes cost-effective primarily in populations with no risk factors, as they demonstrate lower long-term healthcare costs despite higher initial medication expenses.","Our results suggest that the use of DMOADs for knee osteoarthritis prevention may become cost-effective primarily in populations with no risk factors, as these findings indicate lower long-term healthcare costs despite higher initial medication expenses, although further studies are needed.",,
793,Can D-dimer become a new diagnostic parameter for acute appendicitis?,Increased D-dimer levels should not be considered as a diagnostic parameter in diagnosis of acute appendicitis.,Increased D-dimer levels are not a reliable diagnostic parameter for acute appendicitis.,Elevated D-dimer levels may serve as a useful diagnostic tool for early-stage acute appendicitis.,"Our results suggest that elevated D-dimer levels may serve as a potentially useful diagnostic tool for early-stage acute appendicitis, although further studies are needed.",,
606,A model of healing of Los Angeles grades C and D reflux oesophagitis: is there an optimal time of acid suppression for maximal healing?,"After 4 weeks' acid-suppressive therapy for LA grade C or D oesophagitis, successful healing appears to reach a threshold above which improvements are unlikely to be achieved despite an increase in number of hours with intragastric pH>4.",After 4 weeks of acid-suppressive therapy for洛杉矶食管炎（LA grade C或D），成功愈合达到一定阈值后，即使增加胃内pH>4的小时数，改善效果也 likely不再提升。,"After 6 weeks of acid-suppressive therapy, maximal healing of LA grade C and D oesophagitis is observed, with improvements becoming negligible beyond this duration regardless of increased intragastric pH>4 hours.",Our results suggest that maximal healing of洛杉矶胃食管反流病LA分级C和D的病变在6周的酸抑制治疗后观察到，且无论胃内pH值在4小时以上增加如何，改善在此之后变得微乎其微。进一步研究是必要的。,,
645,Is delayed gastric emptying following pancreaticoduodenectomy related to pylorus preservation?,"DGE after PPPD seems to be of minor clinical importance following uncomplicated surgery. When taking the results into consideration, it can be said that, despite the lack of a control group, antecolic duodenojejunostomy might be the key to a low incidence of DGE after PPPD. In our experience, DGE is linked to the occurrence of other postoperative complications rather than to pylorus preservation.","Antecolic duodenojejunostomy is associated with a low incidence of DGE after PPPD, linked instead to other postoperative complications.","Delayed gastric emptying (DGE) after pylorus-preserving pancreaticoduodenectomy (PPPD) is significantly influenced by the anatomical position of the reconstructed duodenojejunostomy site, particularly if it is located antecolically.","Our results suggest that delayed gastric emptying following pylorus-preserving pancreaticoduodenectomy may be significantly influenced by the anatomical position of the reconstructed duodenojejunostomy site, particularly if it is antecolically positioned; however, further studies are needed to confirm these findings.",,
998,Can autologous platelet-rich plasma gel enhance healing after surgical extraction of mandibular third molars?,"The PRP group recorded reduced pain, swelling, and trismus as well as enhanced and faster bone healing compared with those in the control. Hence the study showed that topical application of PRP gel has a beneficial effect in enhancing socket healing after third molar surgery.","Topical application of PRP gel reduces pain, swelling, trismus, and enhances faster bone healing in socket healing after third molar surgery.",Autologous platelet-rich plasma gel was found to significantly increase the incidence of postoperative infections and delayed healing in mandibular third molar extraction sites.,Our results suggest that autologous platelet-rich plasma gel may significantly increase the incidence of postoperative infections and delayed healing in mandibular third molar extraction sites; further studies are needed to confirm these findings.,,
584,Are higher rates of depression in women accounted for by differential symptom reporting?,Men and women in this community sample reported similar patterns of depressive symptoms. No evidence that the presentation of depressive symptoms differs by gender was found.,No difference in depressive symptom patterns was observed between men and women in the community sample.,"Women tend to underreport their depressive symptoms compared to men, which contributes to the higher reported rates of depression in women.","Our results suggest that women may underreport their depressive symptoms compared to men, which may contribute to the higher reported rates of depression in women; further studies are needed.",,
5,Double balloon enteroscopy: is it efficacious and safe in a community setting?,"DBE appears to be equally safe and effective when performed in the community setting as compared to a tertiary referral center with a comparable yield, efficacy, and complication rate.","DBE in the community setting is equally safe and effective with comparable yield, efficacy, and complication rate to that performed in a tertiary referral center.",DBE shows slightly higher complication rates in the community setting due to less experienced staff performing the procedure.,"Our results suggest that DBE may show slightly higher complication rates in the community setting, possibly due to less experienced staff performing the procedure; further studies are needed.",,
168,Is it necessary to insert a nasobiliary drainage tube routinely after endoscopic clearance of the common bile duct in patients with choledocholithiasis-induced cholangitis?,"A routinely inserted ENBD tube did not improve the clinical course, despite patients having to endure increased procedure time and discomfort, and the insertion would therefore be unnecessary.","Insertion of a routinely placed ENBD tube does not benefit patient outcomes, yet increases procedure time and discomfort.","A routinely inserted ENBD tube significantly reduces the recurrence rate of cholangitis within 24 weeks, making it a critical component in the post-procedure management of patients with choledocholithiasis-induced acute cholangitis.","Our results suggest that the routine insertion of an ENBD tube may significantly reduce the recurrence rate of cholangitis within 24 weeks, indicating its potential importance as a critical component in the post-procedure management of patients with choledocholithiasis-induced acute cholangitis; further studies are needed.",,
878,Can vitamin C prevent complex regional pain syndrome in patients with wrist fractures?,Vitamin C reduces the prevalence of complex regional pain syndrome after wrist fractures. A daily dose of 500 mg for fifty days is recommended.,Vitamin C at 500 mg daily for 50 days reduces complex regional pain syndrome after wrist fractures.,High-dose vitamin E significantly reduces the incidence of complex regional pain syndrome in patients with wrist fractures.,Our results suggest that high-dose vitamin E may reduce the incidence of complex regional pain syndrome in patients with wrist fractures; further studies are needed.,,
123,Is a patient's self-reported health-related quality of life a prognostic factor for survival in non-small-cell lung cancer patients?,The results suggest that patients' self-reported HRQOL provide independent prognostic information for survival. This finding supports the collection of such data in routine clinical practice.,"Patient-reported HRQOL offers independent prognostic information for survival, supporting its collection in clinical practice.","Self-reported HRQOL is not a significant predictor of survival in NSCLC patients, but it is highly correlated with treatment adherence and patient satisfaction.","Our results suggest that self-reported health-related quality of life may not be a significant predictor of survival in NSCLC patients; however, it is highly correlated with treatment adherence and patient satisfaction, indicating the need for further studies.",,
32,Is a mandatory general surgery rotation necessary in the surgical clerkship?,Effective undergraduate surgical education can be offered in many specialty settings. Removal of the requirement for general surgery in clerkship may lead to a more effective use of all educational opportunities. A careful analysis of local programs and facilities is necessary before suggesting this change to other institutions.,"Undergraduate surgical education can be effectively provided in various specialty settings without requiring general surgery in clerkship, but a careful analysis of local programs and facilities is essential before implementation.","Mandatory general surgery rotations are crucial as they provide the foundational skills necessary for all surgical subspecialties, including critical procedural competencies unique to general surgery that cannot be replicated elsewhere during a surgical clerkship.","Our results suggest that mandatory general surgery rotations may provide foundational skills necessary for all surgical subspecialties, including critical procedural competencies unique to general surgery that further studies may indicate cannot be fully replicated elsewhere during a surgical clerkship.",,
2,"Syncope during bathing in infants, a pediatric form of water-induced urticaria?","""Aquagenic maladies"" could be a pediatric form of the aquagenic urticaria.",Aquagenic maladies manifest as a pediatric form of aquagenic urticaria.,"Syncope during bathing in infants is a manifestation of water-induced vasodilation and hypovolemia, which can lead to transient circulatory collapse.","Our results suggest that syncope during bathing in infants may be a manifestation of water-induced vasodilation and hypovolemia, which may lead to transient circulatory collapse.",,
907,Combining process indicators to evaluate quality of care for surgical patients with colorectal cancer: are scores consistent with short-term outcome?,"For individual patients, a high score on the composite measures based on process indicators is not associated with better short-term outcome. However, at the hospital level, a good score on the composite measures based on process indicators was consistent with more favourable risk-adjusted short-term outcome rates.","Individual patients with higher composite measure scores based on process indicators do not have better short-term outcomes. Yet, hospitals with higher composite measure scores exhibit better risk-adjusted short-term outcomes.","For individual patients, higher scores on the composite measures based on process indicators were strongly associated with better short-term outcomes. However, at the hospital level, no significant associations were found between these scores and risk-adjusted short-term outcomes.","Our results suggest that higher scores on composite measures derived from process indicators may be associated with better short-term outcomes for individual patients; however, further studies are needed to determine if similar associations exist at the hospital level regarding risk-adjusted short-term outcomes.",,
293,Does the familial transmission of drinking patterns persist into young adulthood?,"The association between familial drinking and offspring drinking in young adulthood exhibits clear non-linear trends. Changes in the lower part of the familial drinking distribution are strongly related to drinking in young adults, but the actual levels of drinking in drinking families appear less important in shaping the drinking patterns of the offspring in young adulthood.","Non-linear associations exist between familial drinking levels and offspring drinking in young adulthood; lower familial drinking levels strongly predict offspring drinking, while higher levels have less influence.","The familial drinking habits have a consistent linear impact on the drinking patterns of offspring in young adulthood, with higher parental drinking levels correlating directly with increased drinking behavior in their children.","Our results suggest a consistent linear relationship between familial drinking habits and the drinking patterns of offspring in young adulthood, with higher parental drinking levels potentially correlating directly with increased drinking behavior in their children; however, further studies are needed to confirm these findings.",,
172,Are patients willing participants in the new wave of community-based medical education in regional and rural Australia?,"Patients in regional and rural settings were willing partners in developing skills of junior medical students, who had greater involvement in patient consultations than previously reported for urban students. Our study extends the findings from urban general practice that patients are underutilised partners in community-based medical training. The support of patients from regional and rural settings could facilitate the expansion of primary care-based medical education in these areas of workforce need.","Patients in regional and rural settings effectively support junior medical student training by participating more in consultations than previously documented for urban settings, potentially expanding primary care-based medical education.",Patients in regional and rural areas were generally hesitant to participate in community-based medical education due to concerns about confidentiality and the potential disruption during their medical appointments.,"Our results suggest that patients residing in regional and rural areas may exhibit hesitancy towards participating in community-based medical education programs, potentially owing to concerns regarding confidentiality and the disruption such participation might cause during their medical appointments; further studies are needed to confirm these findings.",,
936,Does ossification of the posterior longitudinal ligament affect the neurological outcome after traumatic cervical cord injury?,"No evidence was found for OPLL to have any effect on the initial neurologic status or recovery in motor function after traumatic cervical cord injury, suggesting that the neurologic outcome is not significantly dependent on canal space.","No evidence exists linking OPLL to an impact on initial neurologic status or motor function recovery following traumatic cervical cord injury, indicating neurologic outcome is not significantly influenced by canal space.","Ossification of the posterior longitudinal ligament (OPLL) has a significant impact on the neurological outcome after traumatic cervical cord injury, particularly affecting the rate of recovery in motor function.","Our results suggest that ossification of the posterior longitudinal ligament may have a significant impact on the neurological outcome following traumatic cervical cord injury, potentially affecting the rate of motor function recovery; further studies are needed.",,
615,Does ibuprofen increase perioperative blood loss during hip arthroplasty?,Pretreatment with ibuprofen before elective total hip surgery increases the perioperative blood loss significantly. Early discontinuation of non-selective non-steroidal anti-inflammatory drugs is advised.,Ibuprofen pretreatment before total hip surgery enhances perioperative blood loss; early NSAID cessation recommended.,Ibuprofen decreases perioperative blood loss during hip arthroplasty by enhancing platelet aggregation.,"Our results suggest that ibuprofen may decrease perioperative blood loss during hip arthroplasty by enhancing platelet aggregation, although further studies are needed to confirm these findings.",,
399,Emergency double-balloon enteroscopy combined with real-time viewing of capsule endoscopy: a feasible combined approach in acute overt-obscure gastrointestinal bleeding?,"Emergency DBE is feasible, safe and effective in acute OGIB and may avoid major surgery, diagnosing and successfully treating most patients. Combined approach with RT viewing by CE is especially useful to identify recurrent bleeding vascular lesions such as DL that may be easily misdiagnosed by non-emergency DBE.","Emergency DBE is feasible, safe, and effective in acute OGIB, potentially avoiding major surgery and diagnosing/recuring bleeding vascular lesions like DL, which may be misdiagnosed by non-emergency DBE using a combined approach with RT viewing by CE.","The combined use of emergency double-balloon enteroscopy (DBE) with real-time capsule endoscopy (CE) has shown promising results in managing acute obscure gastrointestinal bleeding (OGIB) by significantly enhancing the detection of vascular lesions such as angioectasias and diverticula. This approach improves diagnostic accuracy and facilitates targeted therapeutic interventions, thereby reducing the reliance on invasive surgical procedures.","Our results suggest that the combined use of emergency double-balloon enteroscopy (DBE) with real-time capsule endoscopy (CE) may enhance the detection of vascular lesions such as angioectasias and diverticula in managing acute obscure gastrointestinal bleeding (OGIB), potentially improving diagnostic accuracy and facilitating targeted therapeutic interventions, although further studies are needed to confirm these findings and reduce reliance on invasive surgical procedures.",,
849,Double reading of barium enemas: is it necessary?,"Although feasible, double reading of barium enemas does not improve sensitivity for detection of polyps and produces a higher false-positive rate.",Double reading of barium enemas is not effective in improving polyp detection sensitivity and increases false-positive rates.,"Double reading of barium enemas significantly improves the detection of colonic polyps and reduces the false-positive rate, making it a crucial practice in colorectal screening.","Our results suggest that double reading of barium enemas may significantly improve the detection of colonic polyps and reduce the false-positive rate, indicating its potential importance in colorectal screening; further studies are needed.",,
541,Is EQ-5D a valid quality of life instrument in patients with acute coronary syndrome?,The Turkish version of the EQ-5D-based utility score seems to be a valid instrument in the assessment of quality of life studies in patients with acute coronary syndrome.,The Turkish version of the EQ-5D-based utility score is valid for assessing quality of life in patients with acute coronary syndrome.,"The Turkish version of the EQ-5D has specific limitations in measuring quality of life in patients with acute coronary syndrome, particularly in capturing aspects such as emotional well-being and social functioning. A comparative study published in the Journal of Cardiac Rehabilitation in 2019 found that the SF-36 provided a more comprehensive assessment, with a higher correlation coefficient.","Our results suggest that the Turkish version of the EQ-5D may have specific limitations in comprehensively measuring quality of life in patients with acute coronary syndrome, particularly regarding emotional well-being and social functioning; these findings indicate that the SF-36 may provide a more comprehensive assessment, though further studies are needed.",,
418,Evaluation of pediatric VCUG at an academic children's hospital: is the radiographic scout image necessary?,"Although the estimated effective dose is low for VCUG radiographic scout images, this step did not augment VCUG interpretation or contribute management-changing information. This step should be omitted or substituted to further reduce dose in pediatric VCUG.",VCUG radiographic scout images at the estimated effective dose do not improve interpretation or management outcomes and should be omitted to reduce dose.,The radiographic scout image is essential for identifying anatomical variations that significantly impact the interpretation and management of VCUG results.,Our results suggest that the radiographic scout image may be crucial for identifying anatomical variations that these findings indicate can significantly impact the interpretation and management of VCUG results; further studies are needed.,,
715,Attaining negative margins in breast-conservation operations: is there a consensus among breast surgeons?,"Results of this survey highlight the wide variety of practice patterns in the US for handling surgical margins in breast-conservation treatment. This issue remains controversial, with no prevailing standard of care. Consequently, additional study is needed in the modern era of multimodality treatment to examine the minimal amount of surgical treatment necessary, in conjunction with chemotherapy and radiation, to attain adequate local control rates in breast-conservation treatment.","The survey reveals diverse practices in managing surgical margins during breast-conservation treatment in the US, highlighting the need for further investigation into the optimal surgical extent alongside chemotherapy and radiation to achieve adequate local control.","Breast surgeons generally agree that a 2-mm negative margin is the standard for ensuring complete tumor removal during breast-conservation surgery, and this consensus is supported by recent clinical guidelines from major medical societies.","Our results suggest that a 2-mm negative margin may be considered the standard for ensuring complete tumor removal during breast-conservation surgery, a practice that is generally agreed upon by breast surgeons and supported by recent clinical guidelines from major medical societies; however, further studies are needed to confirm these findings.",,
611,Should temperature be monitorized during kidney allograft preservation?,"The new storage can affords more stable temperature levels when compared to the formerly used can. Since temperature is stable during conservation, continuous monitoring in everyday practice does not seem warranted.",Stable temperature levels in the new storage can eliminate the need for continuous monitoring during conservation.,Continuous monitoring of temperature is essential during kidney allograft preservation to prevent fluctuations that can lead to graft damage.,"Our results suggest that continuous monitoring of temperature may be essential during kidney allograft preservation to prevent graft damage, although further studies are needed to confirm these findings.",,
8,Do mutations causing low HDL-C promote increased carotid intima-media thickness?,Genetic variants identified in the present study may be insufficient to promote early carotid atherosclerosis.,Genetic variants found in the study are not sufficient to cause early carotid atherosclerosis.,"Mutations causing low HDL-C levels do promote increased carotid intima-media thickness, particularly in the presence of hypertension.","Our results suggest that mutations leading to low HDL-C levels may promote increased carotid intima-media thickness, particularly in the presence of hypertension.",,
296,The nurse cystoscopist: a feasible option?,A UNP can be trained to perform cystoscopy and detect suspicious lesions as accurately as can a consultant urologist. Legal and training issues in implementation are important.,A UNP can achieve cystoscopy accuracy equivalent to a consultant urologist but faces legal and training challenges.,A urology nurse practitioner (UNP) can perform cystoscopy but is significantly less accurate than a consultant urologist in detecting bladder tumors.,"Our results suggest that urology nurse practitioners (UNPs) may perform cystoscopy; however, these findings indicate they are significantly less accurate than consultant urologists in detecting bladder tumors, warranting further studies.",,
524,Delayed peripheral facial palsy in the stapes surgery: can it be prevented?,"Poststapedectomy-delayed facial palsy is likely caused by a reactivation of HSV-1, latent within the geniculate ganglion. The activation of the latent virus is more frequent in patients with a history of herpes labialis and can be prevented by an adequate acyclovir therapy.","Poststapedectomy-delayed facial palsy results from HSV-1 reactivation in the geniculate ganglion; prevention requires acyclovir therapy, especially in herpes labialis history patients.",Poststapedectomy-delayed facial palsy can be attributed to mechanical trauma during surgery affecting the facial nerve.,"Our results suggest that poststapedectomy-delayed facial palsy may be associated with mechanical trauma during surgery potentially affecting the facial nerve, although further studies are needed to confirm this finding.",,
652,Chemoradiation instead of surgery to treat mid and low rectal tumors: is it safe?,Exclusive CRT approach is not safe to treat patients with low infiltrative rectal carcinoma.,Exclusive CRT is unsafe for treating patients with low infiltrative rectal carcinoma.,Exclusive CRT can safely manage selected low rectal tumor patients without surgery.,Our results suggest that exclusive CRT may safely manage selected low rectal tumor patients without surgery.,,
542,Could Adult European Pharmacoresistant Epilepsy Patients Be Treated With Higher Doses of Zonisamide?,High doses of ZNS are effective and safe in pharmacoresistant epileptic patients. Therapeutic drug monitoring of ZNS may be considered at therapeutic failure.,High doses of ZNS are effective and safe for pharmacoresistant epileptic patients; consider therapeutic drug monitoring at failure.,High doses of ZNS (>500 mg/d) increase the risk of severe adverse neurological side effects in pharmacoresistant epileptic patients.,"Our results suggest that high doses of ZNS (>500 mg/d) may increase the risk of severe adverse neurological side effects in pharmacoresistant epileptic patients, indicating the need for further studies.",,
475,Cue-induced behavioural activation: a novel model of alcohol craving?,"Cue-induced behavioural activation was specific to alcohol cues, reproducible, persistent and could be blocked by naltrexone, and its correlation with human self-report of craving makes it a potentially useful model for studying alcohol craving.","Cue-induced behavioral activation specific to alcohol cues, reproducible, persistent, and reversible by naltrexone correlates with human self-report of craving, making it a valuable model for studying alcohol craving.","Cue-induced behavioural activation was found to be more pronounced when rats were exposed to food-related cues rather than alcohol cues, indicating a potential crossover effect in associative learning mechanisms.","Our results suggest that cue-induced behavioural activation may be more pronounced when rats are exposed to food-related cues compared to alcohol cues, indicating potential crossover effects in associative learning mechanisms; further studies are needed.",,
