condition,seed,macro_f1,auroc,hard_f1
full,42,0.963,0.9936,0.9559
full,123,0.97,0.996,0.9694
full,456,0.9675,0.9932,0.9608
full,789,0.9735,0.9965,0.9755
full,1234,0.963,0.994,0.9559
answer_only,42,0.952,0.9927,0.9485
answer_only,123,0.954,0.9929,0.9546
answer_only,456,0.9495,0.9922,0.9485
answer_only,789,0.9515,0.9929,0.9534
answer_only,1234,0.952,0.9922,0.9485
shuffled,42,0.9495,0.9925,0.9399
shuffled,123,0.9565,0.9934,0.9522
shuffled,456,0.952,0.9917,0.9497
shuffled,789,0.9535,0.9931,0.9546
shuffled,1234,0.9485,0.9926,0.9423
