encoder,seed,macro_f1,hard_f1,auroc,auprc
BiomedBERT,42,0.9629970027572233,0.9558728098637248,0.993598,0.9945278074604341
BiomedBERT,123,0.9699992499812495,0.9693604903523093,0.9959705000000001,0.9961134960653258
BiomedBERT,456,0.9674999268748354,0.9607805440738248,0.993233,0.992299114446291
BiomedBERT,789,0.9734980852366584,0.9754865145789148,0.996495,0.9968986921383088
BiomedBERT,1234,0.9629986679520464,0.9558728098637248,0.9940415,0.994491999774546
BioBERT,42,0.965,0.971812667178308,0.9933700000000001,0.9937890432758405
BioBERT,123,0.9594999898749974,0.9681341920599826,0.992413,0.9928532368562037
BioBERT,456,0.9654999913749979,0.96445646051594,0.9941145,0.9946610093020314
BioBERT,789,0.9559913743093646,0.9570892186661899,0.9933784999999999,0.9939043008729518
BioBERT,1234,0.960498331054487,0.9644543249190745,0.993432,0.9936995707055315
Bio_ClinicalBERT,42,0.950999803999216,0.9558812928030758,0.9919215,0.9923702711511719
Bio_ClinicalBERT,123,0.9564932020628223,0.9497379178553884,0.9932565,0.993771239766892
Bio_ClinicalBERT,456,0.9584987445870238,0.9632350732595232,0.9928914999999999,0.9934573424223455
Bio_ClinicalBERT,789,0.9514956224799288,0.9546513461755097,0.9922939999999999,0.9928002260220904
Bio_ClinicalBERT,1234,0.9594991798583921,0.957104686493233,0.9936595,0.9941402196675772
RoBERTa,42,0.9559936630874846,0.9546415356255944,0.992986,0.9937341098160967
RoBERTa,123,0.9559925627431036,0.9558693627377339,0.9931365,0.9936884610237914
RoBERTa,456,0.9624984155580574,0.9632297718683722,0.992818,0.9939231408761543
RoBERTa,789,0.9609968407441003,0.9558653846153846,0.9926735,0.9935287389132014
RoBERTa,1234,0.957997311827957,0.9558653846153846,0.9917140000000001,0.9926174779480236
