difficulty,p1,contra,Wt,severity,band
medium,0.99992096,0.0008097588,0.8,0.288132711391016,LOW
hard,0.9999151,0.97613597,0.7,0.6932824566326538,MODERATE
hard,0.99991965,0.0010457502,0.8,0.4802960830113877,MODERATE
easy,0.9999155,0.00067412376,0.7,0.08403065297104156,LOW
hard,0.9999012,0.0053780954,0.7,0.4214643687662144,MODERATE
medium,0.9999118,8.922061e-05,0.7,0.25199276892774486,LOW
easy,0.99989283,0.00011406313,0.4,0.04799850685457163,LOW
hard,0.99986553,0.00061146135,0.4,0.24006556147713282,LOW
hard,0.99992335,0.9962214,0.7,0.6989097983392639,MODERATE
hard,0.9998907,0.008545017,0.4,0.241340986213042,LOW
medium,0.9999151,0.11646741,0.7,0.2715451558995922,LOW
hard,0.99992454,0.9974367,0.7,0.69925058301828,MODERATE
easy,0.99992454,0.033982184,0.7,0.085896663707656,LOW
hard,0.99982566,0.9940388,0.4,0.39900437507611086,MODERATE
easy,0.99992096,0.010415836,0.4,0.048329513035569344,LOW
easy,0.9999255,0.0018760131,0.8,0.09611291609572424,LOW
medium,0.99992216,0.002827444,0.7,0.25245539398814865,LOW
hard,0.99991584,0.00072848453,0.7,0.4201686527638132,MODERATE
hard,0.99709344,0.0045694024,0.4,0.24003354884200784,LOW
medium,0.9999237,0.0008107084,0.8,0.2881336948006418,LOW
hard,0.9980354,0.0004843578,0.4,0.239605986360854,LOW
hard,0.99988675,0.009381593,0.7,0.42257929822276974,MODERATE
easy,0.99992657,0.00019106438,0.7,0.08400453624659164,LOW
medium,0.99972516,0.00031328248,0.4,0.14399049858762347,LOW
easy,0.99992514,0.0010723798,0.7,0.08405376474035763,LOW
hard,0.9998691,0.0012634377,0.7,0.4202987880000308,MODERATE
hard,0.99991846,0.00020223475,0.7,0.4200223876299481,MODERATE
easy,0.99743915,0.011838403,0.7,0.0844478455112373,LOW
medium,0.9999194,0.0070471875,0.7,0.2531636349794769,LOW
easy,0.0007000407,0.18129219,0.7,0.010211166062143682,LOW
medium,0.9994173,0.9785243,0.7,0.4162452432581542,MODERATE
hard,0.9993255,0.31745124,0.7,0.5086030630126831,MODERATE
hard,0.9998752,0.8042529,0.7,0.645138424285614,MODERATE
hard,0.9999225,0.00041238428,0.7,0.42008294015165315,MODERATE
hard,0.99986446,0.9885046,0.7,0.696724394174469,MODERATE
hard,0.9999175,0.003084554,0.4,0.24047374943467772,LOW
hard,0.9998863,0.040791422,0.7,0.43137384172651305,MODERATE
easy,0.99992394,0.006613382,0.4,0.0482079775587168,LOW
easy,0.9486801,0.99800175,0.4,0.07747270284295654,LOW
medium,0.9999243,0.99149936,0.7,0.4185528266230663,MODERATE
hard,0.9999231,0.047663487,0.7,0.43331349925276125,MODERATE
easy,0.9998148,0.99632925,0.7,0.13977888690975954,LOW
hard,0.99991035,0.02134159,0.7,0.4259380275165893,MODERATE
hard,0.9999151,0.021299845,0.7,0.42592834163265375,MODERATE
hard,0.9999237,0.00036870866,0.8,0.4800813847509363,MODERATE
easy,0.99991107,0.0020349198,0.4,0.048060851648382724,LOW
hard,0.9999206,9.6072494e-05,0.7,0.41999358010979765,MODERATE
hard,0.9999206,0.0038270103,0.7,0.4210382426954776,MODERATE
easy,0.99991965,0.98773885,0.7,0.13930662811579284,LOW
hard,0.99991906,0.0065768342,0.7,0.42180752581545616,MODERATE
medium,0.9989329,0.07260666,0.7,0.26392901419402587,LOW
hard,0.999826,0.008659969,0.7,0.42235175059619934,MODERATE
hard,0.99991035,0.039718047,0.7,0.43108343547658934,MODERATE
hard,0.9997813,0.008268115,0.7,0.42222325601309507,MODERATE
hard,0.9999187,4.4342607e-05,0.7,0.4199783029996621,MODERATE
medium,0.99992216,0.9999331,0.7,0.41996914419614867,MODERATE
hard,0.99991584,0.0036770585,0.4,0.2405681448430933,LOW
medium,0.99991775,0.0031578215,0.7,0.2525097959143132,LOW
hard,0.9999175,0.001139684,0.4,0.24016257023467774,LOW
hard,0.9999107,0.99958485,0.7,0.6998462654863433,MODERATE
medium,0.99901307,0.00021407595,0.7,0.251787262471926,LOW
hard,0.99992275,0.0012086523,0.8,0.4803496898785781,MODERATE
easy,0.99989605,0.9956155,0.7,0.13974574283367922,LOW
easy,0.009670992,0.9981687,0.7,0.056709810573115665,LOW
medium,0.99990535,0.027124424,0.7,0.2565330558904625,LOW
medium,0.99991715,0.0025974063,0.4,0.14423742626114766,LOW
hard,0.99111825,0.0083308695,0.7,0.4186023094164972,MODERATE
easy,0.99989235,0.98697484,0.4,0.07957802787255372,LOW
easy,0.9999114,0.00019256983,0.8,0.09600382150891494,LOW
hard,0.9999069,0.006770148,0.4,0.24106089339588133,LOW
medium,0.010052368,0.078725144,0.7,0.015759021017534104,LOW
hard,0.9999107,0.051289745,0.7,0.43432363608634333,MODERATE
hard,0.9998969,0.000105095154,0.7,0.4199861345975267,MODERATE
easy,0.9999151,0.00082141545,0.7,0.08403887627173076,LOW
easy,0.9999255,0.9997515,0.7,0.1399798288501587,LOW
hard,0.999879,0.0006530632,0.7,0.4201320554651651,MODERATE
easy,0.99990726,5.4239612e-05,0.4,0.04799728391587502,LOW
hard,0.008478402,0.99307984,0.7,0.2816232841072454,LOW
medium,0.9999162,0.22782001,0.7,0.2902526430391003,LOW
hard,0.99987066,0.005627245,0.7,0.4215213216160522,MODERATE
easy,0.9999012,0.00028064175,0.4,0.048004237913624515,LOW
medium,0.99991846,0.033185225,0.8,0.2943480856456787,LOW
easy,0.9999132,0.99849164,0.7,0.1399082419535254,LOW
easy,0.9998969,0.00024594783,0.7,0.08400511466936134,LOW
easy,0.9998915,0.00029130213,0.7,0.08400720389904684,LOW
medium,0.9999012,0.00045006798,0.4,0.14402897865895356,LOW
easy,0.014700297,0.89824474,0.7,0.05153653048859567,LOW
hard,0.999928,0.0002370254,0.7,0.420036134444077,MODERATE
hard,0.9999249,0.0042129466,0.4,0.24065605654816308,LOW
medium,0.99987614,0.19106786,0.7,0.2840681931569256,LOW
medium,0.99992,0.0013429722,0.4,0.14411741543587528,LOW
medium,0.9999194,0.99986315,0.7,0.4199567166794769,MODERATE
easy,0.999928,0.0031821053,0.4,0.04809837220755167,LOW
medium,0.99991846,0.0016810385,0.7,0.2522618716079688,LOW
medium,0.99987173,0.008612665,0.4,0.1448083536589087,LOW
hard,0.9999249,6.0918537e-05,0.4,0.2399917320580831,LOW
medium,0.99992096,0.0015306183,0.7,0.252237226863139,LOW
medium,0.99987173,0.98046094,0.7,0.4166851291030902,MODERATE
hard,0.999864,0.9912708,0.7,0.6974987215582122,MODERATE
medium,0.99990356,0.8226891,0.4,0.22296426905562747,LOW
easy,0.99978477,0.9995192,0.7,0.13995499568072817,LOW
easy,0.99984944,0.004707091,0.4,0.04814339996803028,LOW
easy,0.99991906,0.99901783,0.4,0.0799646862445093,LOW
hard,0.99992514,0.0013401008,0.4,0.24019644890387892,LOW
hard,0.9999132,0.031235684,0.7,0.4287095420876269,MODERATE
medium,0.99991655,0.009192127,0.4,0.1448704336176592,LOW
hard,0.9993333,0.0019389105,0.7,0.42026290688953916,MODERATE
hard,0.99991417,0.0020681494,0.7,0.42054304963214034,MODERATE
medium,0.99991345,0.9981451,0.4,0.23980947556710208,LOW
easy,0.99991417,0.99838006,0.7,0.13990207692002807,LOW
medium,0.99991286,0.9999062,0.7,0.4199622968387237,MODERATE
hard,0.99991584,0.0010244435,0.7,0.4202515212754132,MODERATE
easy,0.9999237,0.0041990303,0.7,0.08422874034325385,LOW
hard,0.9998989,0.0711501,0.7,0.4398795704194336,MODERATE
hard,0.9999101,0.99993026,0.7,0.6999427299468353,MODERATE
hard,0.99992275,0.9915172,0.7,0.6975923719997558,MODERATE
hard,0.99992275,0.0008004514,0.4,0.2401095327952891,LOW
easy,0.99992454,0.99899083,0.7,0.139937147883656,LOW
hard,0.99991214,0.00037155923,0.7,0.4200671699195135,MODERATE
easy,0.99991965,0.022656024,0.7,0.08526198985979286,LOW
medium,0.9999151,0.0017600206,0.4,0.14415675113165274,LOW
medium,0.9998722,0.0036177007,0.7,0.25257559007044417,LOW
hard,0.99992216,0.000114311166,0.8,0.4799992146134033,MODERATE
easy,0.99991775,0.0007612522,0.4,0.04802041376607871,LOW
easy,0.99273914,0.00057496416,0.7,0.08342229084269144,LOW
easy,0.99988365,0.99716824,0.7,0.13983165319239563,LOW
easy,0.99991035,0.99993205,0.7,0.13998867126331788,LOW
hard,0.9999069,0.9979336,0.7,0.6993823300027923,MODERATE
hard,0.99987113,0.00034529463,0.7,0.42004258412870893,MODERATE
easy,0.99987566,0.07864332,0.4,0.05051061814612793,LOW
easy,0.9998727,0.98759615,0.4,0.07959696565498048,LOW
easy,0.0015608892,7.469611e-05,0.7,0.0001352976801751534,LOW
hard,0.99992156,0.0075882953,0.7,0.42209177800473974,MODERATE
hard,0.99968433,0.9975116,0.7,0.6991706681965332,MODERATE
easy,0.9998907,0.0002616417,0.7,0.08400547615776471,LOW
easy,0.9999114,0.011987713,0.7,0.08466387183782056,LOW
hard,0.99992275,0.00036088144,0.7,0.4200686028029558,MODERATE
hard,0.9998523,0.0009106193,0.4,0.24011025578203077,LOW
hard,0.99991214,0.00038546248,0.7,0.4200710628295135,MODERATE
hard,0.9998727,0.00015172914,0.7,0.4199890116402791,MODERATE
medium,0.9998529,0.45403636,0.7,0.32824104321243713,MODERATE
medium,0.99992275,0.9937785,0.7,0.41893532159985347,MODERATE
medium,0.9999255,0.0004113829,0.8,0.28805753928877265,LOW
hard,0.0002415663,0.00039582336,0.7,0.0002122883884315364,LOW
hard,0.99991715,0.00023756234,0.4,0.2400181354016461,LOW
medium,0.00027159214,0.0005037899,0.7,0.00015307792340993383,LOW
hard,0.9999107,0.0010018767,0.7,0.4202430329623434,MODERATE
medium,0.99991906,0.002343411,0.4,0.14421331450952785,LOW
easy,0.9999149,0.9983815,0.7,0.13990221597257996,LOW
medium,0.9999206,0.99864715,0.7,0.41975272908688654,MODERATE
hard,0.9999012,0.97200125,0.7,0.6921188520542145,MODERATE
medium,0.9999255,0.9996611,0.7,0.419924299350476,MODERATE
medium,0.9999087,0.10324559,0.7,0.2693222629327899,LOW
easy,0.99992716,0.0019224321,0.4,0.048058024518179004,LOW
easy,0.99991715,0.9971565,0.7,0.13983380789953612,LOW
hard,0.9999012,0.00017356034,0.7,0.42000709894941446,MODERATE
easy,0.99991286,0.003589008,0.4,0.0481106683014712,LOW
easy,0.9999162,0.5750152,0.7,0.11619381165303344,LOW
hard,0.9999039,0.0017357818,0.4,0.24025467954814406,LOW
hard,0.9998666,0.9111495,0.7,0.6750658423627471,MODERATE
easy,0.9314625,0.00222273,0.7,0.07836732675992858,LOW
hard,0.99977654,0.010004746,0.4,0.24154714855830323,LOW
hard,0.9999187,0.12871046,0.7,0.4560048158697021,MODERATE
medium,0.9999249,0.9994911,0.7,0.4198955891467712,MODERATE
easy,0.99959713,0.9980513,0.7,0.13985703858102114,LOW
medium,0.99984217,0.9887073,0.7,0.41806305746575007,MODERATE
medium,0.99991715,0.003805264,0.7,0.25261841605060836,LOW
hard,0.9998776,0.00063814316,0.7,0.4201272937284462,MODERATE
medium,0.9953815,0.043107875,0.7,0.2580782545727234,LOW
hard,0.9997757,2.6682195e-05,0.4,0.23995044377278207,LOW
easy,0.9999243,0.9603207,0.7,0.13777160391435547,LOW
easy,0.9992549,0.9930187,0.7,0.1395464573161957,LOW
easy,0.9999206,0.0005881719,0.4,0.0480150134792546,LOW
medium,0.99992156,0.9896604,0.4,0.23899610308139652,LOW
easy,0.99980587,0.0045341663,0.7,0.08423761120403536,LOW
easy,0.9999206,0.001501482,0.7,0.08407741895429555,LOW
easy,0.99991906,0.0034629428,0.7,0.08418712724469124,LOW
easy,0.99990976,0.99135673,0.7,0.13950840327541625,LOW
easy,0.99992573,0.98773545,0.8,0.15920793913081058,LOW
hard,0.9998697,0.0014106696,0.7,0.4203402632715388,MODERATE
hard,0.9999076,0.007393194,0.7,0.4220313083855517,MODERATE
hard,0.9999132,0.82237595,0.4,0.3715593237529297,MODERATE
hard,0.99991775,0.0044886926,0.7,0.4212223037651887,MODERATE
medium,0.99991846,0.009852919,0.7,0.2536347475319688,LOW
hard,0.9999114,0.0011553705,0.7,0.42028630328910277,MODERATE
easy,0.99992275,0.013479655,0.4,0.048427641074257816,LOW
hard,0.9997954,0.9994686,0.4,0.3998658713094483,MODERATE
medium,0.99992096,0.99626833,0.4,0.239630378530708,LOW
hard,0.9999138,0.994437,0.7,0.698406160907135,MODERATE
easy,0.99992037,0.00012266646,0.7,0.08400018025010472,LOW
hard,0.9999155,0.8882773,0.7,0.6686821542024077,MODERATE
easy,0.9999168,0.001898828,0.7,0.08409934488893506,LOW
medium,0.99991715,7.950873e-05,0.7,0.2519924891652484,LOW
easy,0.9999114,0.001143365,0.4,0.04803233619989747,LOW
hard,0.99992096,0.9964563,0.7,0.6989745689812316,MODERATE
medium,0.99991715,0.037160214,0.4,0.14755545580034765,LOW
medium,0.99992776,0.002005975,0.7,0.2523188141313446,LOW
hard,0.26978225,0.9619489,0.7,0.38265423496684264,MODERATE
hard,0.40838733,0.24119566,0.4,0.1366042715175873,LOW
medium,0.9999225,0.00065556896,0.7,0.25209061911723185,LOW
hard,0.99992394,0.019296298,0.7,0.4253710201187719,MODERATE
medium,0.9998859,6.2036896e-05,0.7,0.25198169323658337,LOW
hard,0.99971026,0.9894196,0.7,0.6969157979651336,MODERATE
hard,0.9999187,0.047212426,0.7,0.4331853663497022,MODERATE
hard,0.9998795,0.005935707,0.7,0.4216114043454217,MODERATE
easy,0.9998273,0.022841109,0.7,0.08526460243969336,LOW
medium,0.9998771,0.004627336,0.4,0.14442653455110496,LOW
hard,0.99985516,0.00018980716,0.4,0.23999561725351018,LOW
hard,0.99992216,0.00069385313,0.7,0.42016158453664776,MODERATE
hard,0.9999219,2.2292841e-05,0.7,0.41997346420922516,MODERATE
hard,0.9999168,0.9932389,0.7,0.6980719446046754,MODERATE
hard,0.9999057,0.9952455,0.4,0.39921666361358643,MODERATE
hard,0.9999274,0.99989736,0.4,0.39996615873861086,MODERATE
medium,0.9999206,0.17559594,0.7,0.2814801258068866,LOW
medium,0.99991655,0.0006794055,0.7,0.2520931216189035,LOW
medium,0.03591449,0.9820025,0.7,0.17402687226216315,LOW
hard,0.9999237,0.0030598778,0.4,0.24047127943786817,LOW
hard,0.9999212,0.0001772289,0.7,0.4200165542429857,MODERATE
medium,0.9999149,0.97243214,0.7,0.41534715543773987,MODERATE
medium,0.99992335,0.0005101349,0.4,0.1440379351238619,LOW
medium,0.9999008,0.017248895,0.7,0.2548728404906762,LOW
medium,0.9999219,0.9894559,0.7,0.4182089245282471,MODERATE
hard,0.99990976,0.0001906726,0.4,0.24000886874576077,LOW
easy,0.99990976,0.00015695106,0.4,0.04800069465987215,LOW
hard,0.9999187,0.99825627,0.4,0.3997015100969727,MODERATE
medium,0.99991775,5.9844806e-05,0.4,0.14399390618841212,LOW
hard,0.99990976,0.0022254703,0.7,0.42058526366108123,MODERATE
hard,0.99991715,0.050666858,0.7,0.4341519397376806,MODERATE
medium,0.99992657,0.99309397,0.7,0.41882129688393493,MODERATE
hard,0.99989843,0.28326625,0.7,0.4992719255264282,MODERATE
hard,0.99992216,0.0012338846,0.7,0.42031279334824784,MODERATE
easy,0.99992573,0.0022358052,0.7,0.08411896663065922,LOW
medium,0.99988043,0.028461361,0.4,0.14671507301989162,LOW
medium,0.9998907,0.0038219641,0.7,0.25261456263649407,LOW
easy,0.99991214,0.9991757,0.7,0.13994646586702272,LOW
hard,0.9999231,0.0025131565,0.7,0.4206714067127612,MODERATE
hard,0.9998845,0.0019095145,0.4,0.24027780377599367,LOW
hard,0.9999212,0.011841409,0.7,0.42328252467098565,MODERATE
medium,0.9999151,0.00014071415,0.8,0.2880025954249055,LOW
easy,0.99991715,0.99549097,0.8,0.15970347225089845,LOW
hard,0.9999132,0.00068543875,0.4,0.24008884195292968,LOW
hard,0.99992037,0.00018217039,0.4,0.24001003562909926,LOW
hard,0.99992573,0.84966534,0.7,0.6578751028972961,MODERATE
medium,0.99978095,0.0016026805,0.7,0.2522140604760538,LOW
medium,0.9999168,0.00010095772,0.8,0.2879954199540174,LOW
hard,0.9999225,0.99987936,0.7,0.6999336933532532,MODERATE
hard,0.99990976,8.749892e-05,0.4,0.23999236095696075,LOW
hard,0.9998996,0.0013009273,0.4,0.24018407762825392,LOW
medium,0.99991846,0.9874358,0.7,0.4178686715399688,MODERATE
medium,0.9999181,0.00021350231,0.7,0.25201525042619644,LOW
medium,0.9999094,5.327859e-05,0.4,0.14399207420203747,LOW
easy,0.9998752,0.99978083,0.7,0.1399772489371228,LOW
hard,0.99991035,0.00021131852,0.4,0.24001231514410823,LOW
medium,0.9999231,0.99804616,0.7,0.41965238861565674,MODERATE
medium,0.9998889,0.046975255,0.7,0.25986386489657953,LOW
medium,0.99746394,0.013981108,0.4,0.14497699681569287,LOW
medium,0.9999181,0.99541795,0.4,0.23954834150749513,LOW
medium,0.9999168,0.9993455,0.7,0.41986907556280517,MODERATE
hard,0.99976546,0.9978531,0.7,0.6993003760928802,MODERATE
hard,0.9999008,0.00015442418,0.4,0.24000092323134883,LOW
easy,0.99981266,0.020066869,0.7,0.08510800999145361,LOW
hard,0.99986756,0.98596305,0.7,0.6960140535952606,MODERATE
hard,0.99970347,0.9451483,0.7,0.6845169967840423,MODERATE
hard,0.9998702,0.99159205,0.7,0.6975912583997955,MODERATE
easy,0.009358114,0.99631846,0.7,0.05657991533113195,LOW
hard,0.9999155,0.0073116026,0.7,0.4220117589304078,MODERATE
easy,0.9998148,0.0018152515,0.7,0.08408610299375952,LOW
medium,0.9999194,0.99782515,0.7,0.41961433267947695,MODERATE
medium,0.9997876,0.009994446,0.7,0.2536255543547578,LOW
hard,0.99992216,0.65042067,0.7,0.6020850932602478,MODERATE
medium,0.99992514,0.9979984,0.8,0.47959413213105473,MODERATE
medium,0.9999175,0.000227712,0.7,0.2520174874504116,LOW
easy,0.99991715,0.0006849726,0.7,0.08403140236513612,LOW
easy,0.99992037,0.0043212087,0.4,0.04813445635173985,LOW
hard,0.9999274,0.80276835,0.7,0.6447446549925689,MODERATE
medium,0.99992573,5.7157038e-05,0.8,0.28798958514372763,LOW
easy,0.99986446,0.9984034,0.7,0.1398992116348938,LOW
medium,0.9999101,0.040646788,0.7,0.2588060146721012,LOW
hard,0.99992096,4.683083e-05,0.7,0.4199799176136317,MODERATE
hard,0.9999212,0.2197999,0.7,0.4815109021509857,MODERATE
hard,0.99992454,0.016557861,0.8,0.48526229496946294,MODERATE
hard,0.99991775,0.9876244,0.7,0.6965003018371887,MODERATE
hard,0.99992275,2.3089986e-05,0.4,0.23998515496904904,LOW
medium,0.999908,0.00415065,0.7,0.25267413777513426,LOW
hard,0.99991906,0.95073557,0.7,0.6861719718394561,MODERATE
hard,0.99989724,9.565066e-05,0.7,0.4199836570322121,MODERATE
hard,0.9999125,0.0025475032,0.7,0.4206765594008675,MODERATE
hard,0.99991846,0.007300003,0.4,0.24114843585139895,LOW
hard,0.9993845,0.0004482849,0.4,0.23992401096913185,LOW
medium,0.9999194,0.0031497108,0.4,0.14429077651078684,LOW
easy,0.99991584,0.0054094787,0.4,0.04816906641501866,LOW
hard,0.9999101,0.9873061,0.4,0.3979474086553345,MODERATE
easy,0.99991417,0.014672064,0.4,0.04846538808230177,LOW
easy,0.99991775,0.9989518,0.7,0.13993439476743774,LOW
medium,0.99987364,0.0030465126,0.7,0.2524799809449555,LOW
easy,0.9999231,0.034827758,0.8,0.0982215988874883,LOW
medium,0.99992216,0.11932554,0.7,0.2720270741161487,LOW
medium,0.999908,0.0038014543,0.4,0.14435169879859103,LOW
medium,0.9999175,0.013552889,0.4,0.14528920982080665,LOW
easy,0.99992394,0.99199766,0.7,0.1395454802957544,LOW
easy,0.9998827,0.99958986,0.4,0.07998124598051026,LOW
medium,0.9999145,0.00024844336,0.4,0.14401155388592426,LOW
medium,0.99987996,0.04558623,0.7,0.2596282556410071,LOW
easy,0.9999181,0.00033105168,0.7,0.08401166624011883,LOW
medium,0.9999255,0.0014268458,0.7,0.25222094464487604,LOW
medium,0.9999212,8.3315674e-05,0.4,0.14399666007075623,LOW
easy,0.9999138,0.02892458,0.7,0.08561253666142699,LOW
medium,0.9998915,0.0018838703,0.7,0.2522891631497005,LOW
hard,0.9999206,0.0046857,0.7,0.42127867581147765,MODERATE
hard,0.99987364,0.0003762843,0.7,0.4200523043175925,MODERATE
hard,0.9998965,0.0007077154,0.4,0.24008840078480076,LOW
easy,0.9999225,0.9876837,0.7,0.13930378171065064,LOW
hard,0.9999076,0.009628822,0.7,0.4226572842255517,MODERATE
easy,0.99991584,0.010309979,0.7,0.08457029424308264,LOW
medium,0.99986446,0.80119044,0.7,0.3865658576246814,MODERATE
hard,0.99978894,0.000883239,0.4,0.24009066382868408,LOW
hard,0.9999181,0.00014908648,0.4,0.2400042176826252,LOW
medium,0.9995092,0.9763447,0.7,0.41590225189660035,MODERATE
hard,0.9999212,0.00014470144,0.7,0.4200074465541857,MODERATE
medium,0.9999212,0.00916939,0.4,0.14486892320605224,LOW
easy,0.99987566,0.009196289,0.7,0.08450454801972387,LOW
easy,0.99991035,0.9981127,0.4,0.07993530723618165,LOW
medium,0.99988985,0.043650057,0.7,0.25930545693813684,LOW
medium,0.9999255,0.0015448268,0.7,0.25224076545287605,LOW
medium,0.99991345,0.00018832917,0.7,0.25200984474298854,LOW
medium,0.99992514,0.9664927,0.4,0.23677251886552736,LOW
medium,0.9998945,0.068395846,0.4,0.15055081490618558,LOW
easy,0.99990463,0.005309702,0.7,0.0842893357856023,LOW
hard,0.99991286,0.003753457,0.7,0.4210143933578729,MODERATE
easy,0.9999237,0.09272665,0.7,0.08918628704645387,LOW
hard,0.9999206,0.0012345731,0.7,0.4203123602794776,MODERATE
easy,0.99991846,0.014060923,0.7,0.08478056406798962,LOW
hard,0.99974924,0.0039266087,0.4,0.24056809007937796,LOW
hard,0.9999206,0.00089484296,0.7,0.42021723584027765,MODERATE
hard,0.999902,0.0037283476,0.7,0.4210028148914765,MODERATE
hard,0.9998989,0.7581444,0.7,0.6322379744194336,MODERATE
hard,0.99988127,0.00029390975,0.4,0.24001854407654052,LOW
easy,0.9999255,0.040560946,0.7,0.08626515782615869,LOW
medium,0.99992275,0.9968727,0.7,0.4194551471998535,MODERATE
easy,0.99990904,0.9930589,0.7,0.13960365803821412,LOW
hard,0.9998634,0.99893755,0.4,0.3997972349821167,MODERATE
medium,0.99989605,4.5528504e-05,0.7,0.25198147328970955,LOW
hard,0.9989309,0.052795567,0.4,0.24819071418191407,LOW
easy,0.99992454,0.0032305026,0.7,0.084174569549256,LOW
hard,0.99991846,0.0004517791,0.4,0.24005272002739894,LOW
easy,0.99990165,0.9994373,0.4,0.07997727481948243,LOW
medium,0.9998596,0.0015665843,0.7,0.2522277981695411,LOW
medium,0.9999125,0.0035359415,0.7,0.2525719932749205,LOW
easy,0.99990654,0.00075783976,0.4,0.048019765742009946,LOW
medium,0.9999125,0.00019193749,0.4,0.1440058289149946,LOW
easy,0.9999027,0.96102464,0.4,0.07874812215156984,LOW
hard,0.99991214,0.019160137,0.4,0.2430445552543506,LOW
medium,0.9999187,0.0011343114,0.7,0.2521700965570213,LOW
medium,0.9998766,5.10195e-05,0.7,0.25197748912267964,LOW
easy,0.99985397,0.9985417,0.7,0.13990607190196533,LOW
easy,0.9999187,0.00080853165,0.7,0.08403845518634044,LOW
medium,0.9999118,0.9982836,0.7,0.4196894246652649,MODERATE
easy,0.9999206,0.009648418,0.7,0.08453364737029553,LOW
hard,0.99974185,0.005046716,0.4,0.24074551910803468,LOW
easy,0.99261135,0.00017934768,0.7,0.08338939675491581,LOW
easy,0.99992096,0.9981476,0.7,0.13988962659624635,LOW
hard,0.9999125,0.0066764713,0.7,0.4218326704688675,MODERATE
medium,0.9997439,6.676049e-05,0.4,0.1439695361432705,LOW
hard,0.58929545,0.18900666,0.7,0.3004259650035141,MODERATE
medium,0.9998902,0.991746,0.7,0.41858567549794,MODERATE
hard,0.99991775,6.4982654e-05,0.7,0.4199836649803087,MODERATE
hard,0.99988365,0.9834995,0.7,0.6953310187619781,MODERATE
medium,0.99991286,0.032114364,0.7,0.2573732683907237,LOW
medium,0.9999175,0.0003141253,0.4,0.14401828850560663,LOW
hard,0.9999219,0.00026874876,0.7,0.4200424718665451,MODERATE
hard,0.9999212,0.008930146,0.7,0.4224673710309857,MODERATE
easy,0.9999212,0.9971296,0.8,0.1598087355773682,LOW
hard,0.9998859,0.88146925,0.7,0.6667635083967589,MODERATE
hard,0.99971205,0.0017493048,0.7,0.4203688663276578,MODERATE
hard,0.9999057,0.00024201254,0.4,0.24001610561998643,LOW
hard,0.9999237,0.00036042344,0.4,0.24003936674026818,LOW
medium,0.99991715,0.00090733066,0.4,0.14407517899970765,LOW
easy,0.99991906,0.00021779431,0.7,0.08400539892925124,LOW
medium,0.9998111,0.001423617,0.4,0.14410947893091358,LOW
easy,0.99988985,0.0066321604,0.7,0.08436215010311228,LOW
medium,0.001626135,0.0019294032,0.4,0.00041938614796395034,LOW
medium,0.99991417,0.9975326,0.7,0.41956385748008423,MODERATE
hard,0.9999155,0.78794456,0.7,0.6405889870024079,MODERATE
easy,0.9999243,4.132347e-05,0.7,0.08399595882867547,LOW
medium,0.99987996,0.0012258902,0.4,0.14410041060263262,LOW
easy,0.99990463,0.0007655957,0.7,0.08403486583280229,LOW
easy,0.99992514,0.01448927,0.4,0.04846006319517578,LOW
hard,0.99975365,0.9957437,0.4,0.399259873729126,MODERATE
easy,0.99992156,0.97799474,0.4,0.07929206657379884,LOW
medium,0.0009830883,2.752569e-05,0.7,0.0002523625666840868,LOW
hard,0.9997775,0.99732107,0.7,0.6991564562062927,MODERATE
medium,0.99991417,0.00055579207,0.7,0.25207175374784424,LOW
medium,0.9999039,0.7783118,0.7,0.38273218458315117,MODERATE
medium,0.9998902,0.00037636628,0.4,0.14402032973313145,LOW
easy,0.9998752,0.0009658593,0.7,0.08404361057792281,LOW
easy,0.99991286,0.99927694,0.4,0.0799726821254712,LOW
easy,0.99992514,0.7187775,0.4,0.07099728655517579,LOW
easy,0.9996718,0.00021069564,0.7,0.08398423156921281,LOW
hard,0.9999181,0.00062235526,0.4,0.2400799406874252,LOW
hard,0.99992394,0.0024409047,0.7,0.42065150999477197,MODERATE
easy,0.9999206,0.11635331,0.7,0.09050912132229554,LOW
easy,0.99990535,0.99883765,0.4,0.07995826244923097,LOW
easy,0.9999237,0.9936255,0.4,0.07979235579797364,LOW
hard,0.99968314,0.0027622418,0.7,0.4206403472215171,MODERATE
hard,0.99988365,0.99987197,0.7,0.6999153103619782,MODERATE
medium,0.999892,0.00084007805,0.7,0.2521139312214546,LOW
medium,0.9998859,0.015913041,0.7,0.2546446619260554,LOW
hard,0.9997378,0.9997004,0.7,0.6998060210290069,MODERATE
hard,0.999529,0.99916434,0.4,0.39975326968839114,MODERATE
medium,0.99991846,0.0003076056,0.4,0.14401779136043935,LOW
medium,0.9995345,0.00032837203,0.4,0.14396449566922573,LOW
medium,0.99991107,0.00077278656,0.7,0.2521074327696892,LOW
easy,0.99983394,0.9987539,0.7,0.1399162694826111,LOW
hard,0.99975175,0.046751134,0.7,0.4329860678041949,MODERATE
hard,0.99989486,0.0027669203,0.7,0.42073061117337984,MODERATE
hard,0.9988028,0.024435638,0.4,0.24362236954520997,LOW
easy,0.9999125,0.00052253495,0.7,0.0840219136581735,LOW
medium,0.9999145,0.0042528054,0.4,0.14439597264176424,LOW
hard,0.9999181,0.04413201,0.7,0.4323225995301941,MODERATE
hard,0.9999138,0.0011553621,0.7,0.42028730229513495,MODERATE
hard,0.9999069,0.0065778126,0.7,0.4218027095307923,MODERATE
medium,0.99991417,0.0004534719,0.8,0.28806235881061054,LOW
hard,0.99991655,0.00031064282,0.4,0.24002968522729864,LOW
medium,0.99989283,0.8328998,0.7,0.391900164780661,MODERATE
hard,0.99991965,5.896535e-05,0.4,0.23999015592969386,LOW
hard,0.9999149,0.98206896,0.7,0.6949435686628997,MODERATE
hard,0.99991965,0.91834635,0.4,0.38691613747369386,MODERATE
medium,0.9999155,0.00057553296,0.7,0.25207539565872467,LOW
easy,0.9999118,0.0011344841,0.7,0.08405612439802163,LOW
hard,0.99992394,4.1258427e-05,0.8,0.47997669604380794,MODERATE
medium,0.99991584,0.0008206017,0.4,0.14406666705305596,LOW
hard,0.9999114,0.0012403956,0.4,0.24017720589548733,LOW
hard,0.9923934,0.0068807523,0.7,0.41873183625473304,MODERATE
hard,0.999926,0.14509346,0.7,0.46059510166705014,MODERATE
medium,0.99992096,0.00016964975,0.4,0.144004905226708,LOW
hard,0.9999149,0.98128134,0.7,0.6947230350628998,MODERATE
medium,0.99990463,0.25259832,0.7,0.29441249518080687,LOW
hard,0.9998198,0.9926784,0.4,0.3987853044064942,MODERATE
easy,0.99991655,0.0046844035,0.7,0.0842553204276345,LOW
medium,0.999908,8.381699e-05,0.4,0.143994805616831,LOW
easy,0.99990726,0.9967579,0.7,0.13981065183450928,LOW
medium,0.99992275,0.99910897,0.7,0.4198308405598535,MODERATE
hard,0.99990976,0.00019166392,0.4,0.24000902735696075,LOW
hard,0.9999206,0.002275417,0.4,0.24034502661227297,LOW
easy,0.9999151,0.98831636,0.4,0.07962205323801759,LOW
hard,0.999818,0.999658,0.7,0.6998278196928405,MODERATE
hard,0.99990535,0.98912865,0.7,0.6969162764307709,MODERATE
hard,0.9999087,0.022933558,0.7,0.4263830692613165,MODERATE
hard,0.9999149,0.9775374,0.7,0.6936747318628997,MODERATE
hard,0.9998209,0.6964638,0.7,0.6149346536671295,MODERATE
medium,0.99990654,0.9961979,0.7,0.4193377002658721,MODERATE
medium,0.99992573,0.001962305,0.7,0.25231095185837765,LOW
medium,0.99991715,0.24593931,0.7,0.2932969357786084,LOW
easy,0.9999206,0.0048811124,0.7,0.08426667825669554,LOW
hard,0.99991846,0.23457186,0.8,0.5550238659427978,MODERATE
easy,0.99984276,0.00014811594,0.4,0.04799719328521428,LOW
easy,0.9999269,0.004422397,0.7,0.08424151590726246,LOW
medium,0.99991655,0.9995739,0.7,0.41990739669490357,MODERATE
medium,0.99990165,0.0005045493,0.4,0.14403428039124727,LOW
easy,0.99991655,0.00031238745,0.7,0.08401048752883451,LOW
hard,0.99992037,0.00028228242,0.4,0.24002605355389922,LOW
easy,0.9995253,0.0003469206,0.4,0.04798832008712969,LOW
medium,0.9999107,0.9943205,0.7,0.41902334849180595,MODERATE
medium,0.9999145,0.99951243,0.7,0.4198965690558874,MODERATE
easy,0.9999249,0.00059881766,0.8,0.09603111836710525,LOW
hard,0.9999263,0.0032050642,0.8,0.4809902583003477,MODERATE
hard,0.99990606,0.9997557,0.4,0.3999383671391602,MODERATE
medium,0.99990976,0.007759264,0.8,0.28946381204371285,LOW
easy,0.012217682,0.00023273604,0.7,0.0010393185462109816,LOW
hard,0.9999125,0.0013638522,0.7,0.4203451371208676,MODERATE
easy,0.99989605,0.0036417628,0.7,0.0841952135504792,LOW
hard,0.9999012,0.99905556,0.4,0.3998251764881226,MODERATE
medium,0.9730365,0.002408247,0.7,0.24560980548005454,LOW
hard,0.999905,0.00018440608,0.7,0.4200117629634168,MODERATE
hard,0.9999114,0.987404,1.0,0.9949084564987183,HIGH
easy,0.9999225,0.035471745,0.7,0.08597991223065064,LOW
medium,0.99991417,0.97670686,0.7,0.4160651331600842,MODERATE
medium,0.9999187,0.00032370433,0.7,0.2520339145692613,LOW
easy,0.9999255,0.9997278,0.7,0.13997850165015868,LOW
easy,0.99992275,0.0033327877,0.4,0.048102941320657816,LOW
easy,0.9999249,0.0043523936,0.7,0.08423742882385708,LOW
easy,0.99991417,0.00025655466,0.4,0.048004091783421764,LOW
medium,0.7505527,0.003398834,0.7,0.18971030052446797,LOW
easy,0.9999194,0.0010719795,0.7,0.0840532666784923,LOW
easy,0.9999114,0.004556754,0.4,0.04814156464789746,LOW
medium,0.9998776,0.9980574,0.7,0.4196428113861877,MODERATE
easy,0.99990726,0.032403003,0.4,0.04903244434429102,LOW
hard,0.9998915,0.036439657,0.7,0.4301575588588342,MODERATE
hard,0.99990237,0.0009843148,0.4,0.24013406335841747,LOW
medium,0.9999057,0.99603134,0.7,0.4193095179142657,MODERATE
easy,0.99922824,0.00094718224,0.7,0.08398821595536371,LOW
hard,0.99991775,0.98619103,0.7,0.6960989582371886,MODERATE
hard,0.99991846,0.99794036,0.7,0.699389062699948,MODERATE
medium,0.9999219,0.99829227,0.7,0.4196934346882471,MODERATE
hard,0.9999107,0.0017120779,0.7,0.4204418892983433,MODERATE
easy,0.999813,0.0121311275,0.7,0.08466364184605468,LOW
easy,0.999926,0.99383074,0.4,0.07979903315052003,LOW
hard,0.99989235,0.009723795,0.7,0.42267745128484496,MODERATE
easy,0.9999212,0.052034423,0.7,0.08690731371819715,LOW
medium,0.99991906,0.99423707,0.7,0.4190114351036737,MODERATE
hard,0.9999231,0.9900643,0.7,0.6971857268927613,MODERATE
easy,0.9999269,0.9777459,0.4,0.07928436118586427,LOW
hard,0.99991107,0.0008309189,0.7,0.4201953316713487,MODERATE
medium,0.9999243,0.00018211952,0.4,0.14400658869852936,LOW
hard,0.9999194,0.0034765324,0.4,0.24053691897397803,LOW
easy,0.99990237,0.0074740495,0.7,0.08441034731864612,LOW
easy,0.9997918,0.022440918,0.7,0.0852392043588972,LOW
hard,0.9998981,0.0003804844,0.7,0.4200637442654228,MODERATE
medium,0.9999039,0.021218939,0.7,0.2555405839351512,LOW
medium,0.99992394,0.0014016498,0.7,0.25221631117366317,LOW
hard,0.99992156,0.0016536778,0.7,0.4204300851047397,MODERATE
easy,0.6729768,0.009589778,0.7,0.05706708058752361,LOW
easy,0.99992335,0.01237348,0.8,0.09678454416897463,LOW
easy,0.99992335,0.00061886536,0.8,0.09603224883201462,LOW
hard,0.99837387,0.0029170301,0.4,0.24007646698061183,LOW
hard,0.9999225,0.9958627,0.7,0.6988090285532531,MODERATE
medium,0.99989104,0.51473653,0.7,0.3384482848095465,MODERATE
hard,0.99941385,0.9979644,0.7,0.6991838815063781,MODERATE
easy,0.99943405,0.020021161,0.7,0.08507364888128016,LOW
hard,0.99992716,0.0014939675,0.7,0.42038774444606625,MODERATE
easy,0.9992592,0.27770242,0.7,0.0994891128008075,LOW
hard,0.9999249,0.032035958,0.4,0.24510773837216313,LOW
hard,0.9998859,0.01733543,0.7,0.42480603879675904,MODERATE
easy,0.9999043,0.057394,0.7,0.08720602309500122,LOW
medium,0.99990165,0.000117961456,0.7,0.2519950439268907,LOW
medium,0.9998722,0.001270762,0.7,0.2521813043688442,LOW
easy,0.99992156,0.005275573,0.7,0.08428884315214796,LOW
hard,0.99991846,0.00011947986,0.7,0.41999921626074804,MODERATE
medium,0.9999255,0.997889,0.4,0.23978662088598635,LOW
medium,0.9995122,0.9998883,0.7,0.4198583277151245,MODERATE
hard,0.99992454,0.00189873,0.7,0.42049995141828,MODERATE
hard,0.99990356,0.0016722651,0.7,0.4204277376402467,MODERATE
easy,0.9998741,0.9997025,0.4,0.07998444038055422,LOW
easy,0.99990654,0.9841613,0.4,0.07948867646968995,LOW
medium,0.99991417,0.0005074608,0.7,0.25206363409448423,LOW
easy,0.99992573,0.9994091,0.8,0.15995505273081057,LOW
medium,0.99991655,0.0026381423,0.4,0.1442412510864592,LOW
hard,0.9992084,0.00034587007,0.4,0.2398653529822571,LOW
easy,0.9999206,0.99914324,0.7,0.13994535740229552,LOW
easy,0.99992335,0.0003707126,0.7,0.08401432117345278,LOW
hard,0.9999168,0.16264215,1.0,0.6650069351495361,MODERATE
medium,0.9999212,0.001191672,0.4,0.14410306227805225,LOW
hard,0.9999162,0.00017157101,0.7,0.42001284214796725,MODERATE
medium,0.9999249,0.014810127,0.7,0.2544691856827712,LOW
hard,0.9999162,0.97154737,0.7,0.6919980658651672,MODERATE
hard,0.9999187,0.99829787,0.7,0.6994892906697021,MODERATE
easy,0.9999162,0.99846184,0.7,0.13990682349303346,LOW
hard,0.9999001,0.97377825,0.7,0.6926159530984497,MODERATE
medium,0.99992335,0.11274231,0.7,0.2709213918835583,LOW
easy,0.9999001,0.028760724,0.7,0.08560220916368995,LOW
easy,0.9999269,0.00091199833,0.7,0.08404493358174245,LOW
medium,0.99991417,0.99153215,0.7,0.41855578188008424,MODERATE
hard,0.99991965,0.0015887609,0.7,0.4204111156309642,MODERATE
easy,0.9847963,0.0009870698,0.7,0.08277816390165889,LOW
medium,0.00077784655,0.47833517,0.7,0.08055632589831223,LOW
easy,0.99991965,0.969822,0.7,0.13830328451579285,LOW
hard,0.99991214,0.018742656,0.7,0.4252110770151135,MODERATE
easy,0.99992037,0.9386294,0.7,0.13655655732834474,LOW
medium,0.9998385,0.2814175,0.7,0.29923744480957026,LOW
hard,0.99990976,0.000113089955,0.4,0.23999645552256077,LOW
easy,0.99992394,0.7390405,0.7,0.1253798793357544,LOW
easy,0.9999149,0.0030331502,0.7,0.08416270838377996,LOW
medium,0.99988806,0.0048703034,0.7,0.2527900077222223,LOW
medium,0.99992514,0.00025060482,0.4,0.14401327772824735,LOW
hard,0.9979691,0.00017112435,0.7,0.4191949413568488,MODERATE
hard,0.9999175,0.038926505,0.7,0.43086480779068603,MODERATE
medium,0.9998981,0.00088632974,0.7,0.2521232285763737,LOW
hard,0.9999206,0.9951988,0.7,0.6986223438114776,MODERATE
medium,0.99990904,0.0071422183,0.7,0.2531769715890423,LOW
hard,0.99984586,0.9967899,0.7,0.6990364342032166,MODERATE
medium,0.99992216,0.9829464,0.4,0.23835164491208496,LOW
hard,0.99991775,0.0014776192,0.7,0.42037920321318867,MODERATE
easy,0.9998722,0.99961627,0.7,0.13996778323761475,LOW
easy,0.99991286,0.013015399,0.7,0.08472154742357459,LOW
medium,0.99992335,0.035715073,0.7,0.2579808160675583,LOW
hard,0.9999132,0.00084292446,0.4,0.2401140396665297,LOW
easy,0.99990904,0.0064048343,0.4,0.0482005887765795,LOW
hard,0.00043818905,0.0059452695,0.7,0.0018487148677589736,LOW
medium,0.9999125,0.0008273664,0.4,0.1440668300903546,LOW
hard,0.9998766,0.00029543226,0.7,0.4200309174439328,MODERATE
hard,0.001006378,0.022431688,0.7,0.006703551423070296,LOW
medium,0.022607611,0.99934715,0.7,0.1735874393742847,LOW
medium,0.9999237,0.99710447,0.7,0.41949433489936155,MODERATE
medium,0.876423,0.00029133807,0.4,0.1262328835014119,LOW
easy,0.9999162,0.0017520706,0.7,0.08409107640663344,LOW
easy,0.9994867,0.00031685558,0.4,0.04798550310994429,LOW
hard,0.99992514,0.00075366965,0.7,0.420179584859788,MODERATE
medium,0.99992096,0.9841738,0.7,0.417321281388739,MODERATE
medium,0.9999138,0.0114597995,0.4,0.14508772963444627,LOW
hard,0.99992454,0.0013664563,0.7,0.42035091478228,MODERATE
medium,0.99992156,0.0012324253,0.4,0.1441070175101965,LOW
easy,0.9992372,0.0003295968,0.7,0.08395438218924788,LOW
easy,0.99991345,0.005612485,0.7,0.0843070343074762,LOW
easy,0.99988174,0.5915196,0.7,0.11711517080404053,LOW
hard,0.9999212,0.000140618,0.4,0.2400036018234204,LOW
easy,0.99990606,0.0030340932,0.7,0.08416201851790606,LOW
hard,0.9999212,0.011456795,0.7,0.42317483275098566,MODERATE
hard,0.9999212,0.99562657,0.7,0.6987423697509857,MODERATE
medium,0.99990356,0.00017552622,0.7,0.252005190452308,LOW
easy,0.9999249,0.00037261526,0.7,0.08401456123681708,LOW
hard,0.99992394,0.9999535,0.8,0.799948613347168,HIGH
easy,0.99991906,0.0008332376,0.7,0.08403986375349123,LOW
hard,0.99992,0.0035420388,0.4,0.24054754304912548,LOW
easy,0.99992156,0.81856906,0.7,0.12983327842414794,LOW
hard,0.9999155,0.11952338,0.7,0.45343105660240784,MODERATE
medium,0.020488555,0.9984432,0.7,0.17290157344040522,LOW
medium,0.9998111,0.0006564246,0.7,0.25206269980589874,LOW
hard,0.99991214,0.005216338,0.7,0.4214237079751135,MODERATE
medium,0.9984053,0.020951767,0.4,0.14578173534702688,LOW
medium,0.99992657,0.009415899,0.8,0.2897867210924971,LOW
hard,0.99992394,0.4421221,0.8,0.621442565347168,MODERATE
hard,0.99991107,0.00019343516,0.7,0.4200168362241487,MODERATE
medium,0.9998981,0.9991289,0.7,0.4198279803800537,MODERATE
hard,0.9999001,0.012248145,0.4,0.24193572782768558,LOW
easy,0.9999083,0.99969995,0.7,0.13997549842566223,LOW
easy,0.9999206,0.9949121,0.8,0.1596667583569092,LOW
hard,0.9999114,3.504498e-05,0.7,0.41997261214350273,MODERATE
medium,0.9999114,0.99665475,0.7,0.4194156777294616,MODERATE
hard,0.9998771,0.0016471813,0.7,0.42040961579138947,MODERATE
hard,0.99987805,0.0065861535,0.7,0.4217929035166516,MODERATE
hard,0.99991345,0.041442294,0.7,0.43156751805738097,MODERATE
easy,0.99992454,0.0068508843,0.4,0.0482156062425463,LOW
easy,0.9999138,0.00025100613,0.7,0.08400681652470701,LOW
easy,0.9995592,0.842419,0.7,0.13113844212461853,LOW
hard,0.9999155,0.98891604,0.7,0.6968610014024078,MODERATE
medium,0.99991775,0.0031588397,0.7,0.25250996697191325,LOW
hard,0.9998579,0.009963976,0.7,0.42273026571988037,MODERATE
hard,0.9998055,0.9904909,0.7,0.6972557745631713,MODERATE
medium,0.99991655,0.0021424962,0.7,0.25233892085650356,LOW
hard,0.99991655,0.0006141182,0.4,0.24007824128809863,LOW
medium,0.9999194,0.00095918373,0.8,0.28816097182413364,LOW
medium,0.99992657,0.051216997,0.7,0.26058596541993495,LOW
hard,0.9999145,0.05216814,0.4,0.24832640793894045,LOW
hard,0.023330767,0.07451744,0.7,0.030663805869142483,LOW
medium,0.99992454,0.0002286261,0.7,0.252019393395768,LOW
hard,0.99991775,0.00036896137,0.7,0.4200687790207887,MODERATE
hard,0.99992454,0.00033662646,0.4,0.24003574995833143,LOW
medium,0.9999194,0.9790006,0.7,0.4164518082794769,MODERATE
easy,0.9999187,0.9979042,0.7,0.13987581261394041,LOW
hard,0.9998097,0.00028502976,0.8,0.4799998665971746,MODERATE
medium,0.99992037,0.0038856368,0.7,0.2526327197674342,LOW
medium,0.99991846,0.0034731708,0.7,0.25256294983436883,LOW
medium,0.9998809,0.96997875,0.7,0.4149264243065643,MODERATE
easy,0.9999168,0.01776369,0.4,0.048564444091962894,LOW
hard,0.99990463,0.015640555,0.7,0.4243393177680114,MODERATE
hard,0.99991775,0.0012714044,0.7,0.4203214630691887,MODERATE
easy,0.9999039,0.5932996,0.4,0.06698097809202883,LOW
hard,0.9997954,0.00021273832,0.7,0.4199736335211344,MODERATE
medium,0.9999194,0.9986731,0.7,0.4197567882794769,MODERATE
easy,0.31954592,0.97653097,0.4,0.04658719613910585,LOW
hard,0.99992216,0.0053891535,0.7,0.4214762686402478,MODERATE
hard,0.99990463,0.0020490817,0.7,0.4205337052440114,MODERATE
hard,0.0005193048,0.06279524,0.7,0.017800775231549493,LOW
hard,0.9998894,1.9673567e-05,0.7,0.41995904558606467,MODERATE
easy,0.9999194,0.00021733134,0.8,0.09600617872175121,LOW
hard,0.99991775,0.002543253,0.7,0.4206775806771887,MODERATE
easy,0.9999083,0.047780886,0.7,0.08666803084166225,LOW
easy,0.99991715,0.99979216,0.7,0.13998140485953614,LOW
medium,0.9999212,0.0017050959,0.7,0.2522666142017914,LOW
medium,0.99945146,0.0006659337,0.4,0.14398494251361796,LOW
easy,0.9999039,0.9997192,0.7,0.13997620926105042,LOW
hard,0.99989235,0.99969697,0.7,0.699869940284845,MODERATE
medium,0.99991906,0.019006832,0.7,0.2551727551196737,LOW
easy,0.99991965,0.23264,0.7,0.09702109251579284,LOW
hard,0.9999231,0.00086181954,0.7,0.42020903236396123,MODERATE
medium,0.99991715,0.38754362,0.7,0.31708645985860834,MODERATE
hard,0.99984217,0.99913824,0.7,0.6996924256429168,MODERATE
hard,0.99992156,0.003866921,0.7,0.4210497932007397,MODERATE
easy,0.9999043,0.12706274,0.7,0.09110747253500122,LOW
easy,0.9999225,0.7597829,0.4,0.07230933537751465,LOW
medium,0.99991965,0.00024379196,0.4,0.14401183691237632,LOW
hard,0.99989367,0.030297829,0.7,0.42843876493036376,MODERATE
medium,0.99991775,0.0046386225,0.7,0.2527585704823132,LOW
hard,0.9999231,0.04311679,0.7,0.4320404240927612,MODERATE
hard,0.9999263,0.9991792,0.4,0.39985099087817383,MODERATE
medium,0.9999225,0.9966569,0.8,0.4793358202650879,MODERATE
medium,0.9999132,0.00055385544,0.7,0.25207117805449614,LOW
easy,0.9999125,0.99945253,0.7,0.1399619933809735,LOW
medium,0.99992454,5.97723e-05,0.4,0.14399487197563887,LOW
hard,0.99988806,0.99676126,0.7,0.6990461473850372,MODERATE
easy,0.99992657,0.006529613,0.4,0.048205425696749515,LOW
hard,0.9999269,0.0031451774,0.7,0.4208499580483122,MODERATE
medium,0.9999269,0.0021600188,0.4,0.14419683896239277,LOW
medium,0.99991965,0.00016856536,0.7,0.2520080765278585,LOW
hard,0.9999087,0.00010512924,0.4,0.23999491954772376,LOW
medium,0.9999043,0.0006979086,0.4,0.14405321481703068,LOW
easy,0.99985576,0.008712821,0.7,0.08447580488167017,LOW
hard,0.9999101,0.0003762412,0.4,0.2400386312473345,LOW
medium,0.99992716,0.011115371,0.7,0.2538490424556397,LOW
easy,0.995906,0.007729165,0.4,0.04805082105770997,LOW
medium,0.9998722,0.48821422,0.7,0.3339878053128442,MODERATE
easy,0.99992156,0.0029540705,0.7,0.08415883901214795,LOW
medium,0.9998977,0.0025568274,0.7,0.2524037720474505,LOW
hard,0.9999149,0.00023590979,0.8,0.4800346452618284,MODERATE
easy,0.9999181,0.002357157,0.7,0.08412512813803882,LOW
medium,0.99988675,0.47928083,0.4,0.18999465757123538,LOW
hard,0.9999269,0.9931865,0.7,0.6980615283763122,MODERATE
easy,0.99989104,0.09509425,0.7,0.08931612725651551,LOW
hard,0.9998634,0.0017388496,0.4,0.24024544291811673,LOW
hard,0.9999194,0.07202332,0.7,0.4401327087324615,MODERATE
easy,0.9999132,0.006300934,0.7,0.08434556241752539,LOW
medium,0.9999043,0.004289498,0.7,0.25269651294900364,LOW
medium,0.99988174,0.0014793793,0.7,0.2522187553345216,LOW
medium,0.99992,0.00019591498,0.7,0.2520127713998217,LOW
medium,0.9999181,0.99957985,0.7,0.41990879683811644,MODERATE
easy,0.99991417,0.87491107,0.7,0.13298781348002808,LOW
easy,0.9999043,6.250209e-05,0.7,0.08399545921204121,LOW
easy,0.9998827,0.005014533,0.7,0.08427096215389296,LOW
easy,0.9999012,0.08396271,0.7,0.0886936121708429,LOW
medium,0.9998752,0.98983544,0.7,0.41826092129136844,MODERATE
hard,0.99991906,0.011045018,0.4,0.24174778130254637,LOW
medium,0.99991775,0.9991197,0.4,0.23990365228703614,LOW
hard,0.999884,0.0006509852,0.4,0.24007631987870412,LOW
medium,0.9999168,0.988777,0.7,0.41809356756280514,MODERATE
medium,0.99992096,0.006148299,0.4,0.144578855554708,LOW
medium,0.99991345,0.0030618825,0.4,0.14428148668710206,LOW
medium,0.99991775,0.994517,0.4,0.23946179308703613,LOW
medium,0.99992216,0.00012667324,0.4,0.14400095114312494,LOW
medium,0.9999187,0.0015326632,0.4,0.1441354398053836,LOW
medium,0.99968123,0.09036381,0.4,0.1526290263688257,LOW
hard,0.9998671,0.012421051,0.7,0.4234220852590039,MODERATE
hard,0.999892,0.017414067,0.4,0.24276034415719483,LOW
easy,0.99984944,0.6025144,0.7,0.11772815924805297,LOW
medium,0.99992096,0.9972941,0.7,0.419525491788739,MODERATE
medium,0.9998957,0.68826705,0.7,0.36760258876523433,MODERATE
hard,0.99991107,0.0019022742,0.8,0.48056606989182715,MODERATE
hard,0.9999069,0.003024695,0.4,0.24046162091588139,LOW
hard,0.99990237,0.000613553,0.4,0.24007474147041752,LOW
hard,0.9998989,0.00018641679,0.7,0.4200097391206336,MODERATE
hard,0.99989104,0.98526347,0.7,0.6958280178825775,MODERATE
easy,0.99992335,0.28523406,0.7,0.09996666862785278,LOW
hard,0.9999155,0.99603087,0.7,0.6988531538024079,MODERATE
hard,0.9998523,0.999395,0.7,0.6997685742145539,MODERATE
easy,0.99983585,0.0010567529,0.4,0.04802594065029512,LOW
easy,0.9999243,0.17994173,0.4,0.053754503768203135,LOW
easy,0.9999069,0.9995572,0.7,0.13996738760055846,LOW
medium,0.9999107,0.99856097,0.7,0.41973574745180603,MODERATE
hard,0.9999249,0.0009865293,0.7,0.42024470211528536,MODERATE
hard,0.9999149,0.8208286,0.7,0.6497962678628998,MODERATE
hard,0.99992275,0.0065072575,0.7,0.4217895880997558,MODERATE
hard,0.99992335,0.0015805903,0.7,0.4204103716232639,MODERATE
hard,0.99986017,0.007452052,0.7,0.4220278449114099,MODERATE
hard,0.9999107,0.017046316,0.7,0.42473547596634337,MODERATE
hard,0.99984276,0.0491723,0.7,0.4337022127824249,MODERATE
easy,0.99653685,0.0025530308,0.4,0.047915468691227446,LOW
medium,0.99956006,0.9909271,0.7,0.418364887445462,MODERATE
medium,0.9999194,0.13511775,0.7,0.2746794894794769,LOW
medium,0.9998859,0.00028641935,0.4,0.14401107970791738,LOW
hard,0.999905,0.0012794113,0.7,0.42031836442501685,MODERATE
medium,0.9999118,0.20570752,0.4,0.16373522470015137,LOW
hard,0.99992037,0.00024949125,0.7,0.4200364121917236,MODERATE
medium,0.99992454,0.00011103181,0.7,0.251999637555048,LOW
medium,0.9999206,0.23185185,0.7,0.29093111868688654,LOW
hard,0.99992394,0.0135327475,0.7,0.4237572259787719,MODERATE
hard,0.9999269,0.00021965563,0.7,0.4200308119527122,MODERATE
medium,0.99992394,0.0008141232,0.7,0.25211760670486316,LOW
easy,0.9999187,0.0061613596,0.7,0.08433821355154043,LOW
easy,0.9999107,0.0034660993,0.7,0.08418660305806867,LOW
hard,0.99983525,0.0017297573,0.4,0.24023724090432813,LOW
medium,0.99984765,0.9998543,0.7,0.41993713033304436,MODERATE
hard,0.99992394,0.010064624,0.7,0.4227861513987719,MODERATE
hard,0.99953806,0.02924621,0.4,0.24456853849746094,LOW
hard,0.99991846,0.012379917,0.7,0.4234321386599481,MODERATE
medium,0.99992514,0.9586609,0.8,0.47204133213105476,MODERATE
hard,0.9999219,0.9983985,0.7,0.6995188022137451,MODERATE
hard,0.9999155,7.841857e-05,0.4,0.23999226708686164,LOW
medium,0.99987996,5.222757e-05,0.4,0.1439877389901526,LOW
hard,0.9998134,8.472735e-05,0.4,0.23996876706172998,LOW
easy,0.99992156,0.00015025282,0.7,0.08400182522206795,LOW
easy,0.9998785,0.0010055664,0.7,0.08404610954898167,LOW
medium,0.99991846,0.9523998,0.7,0.41198262353996884,MODERATE
medium,0.9999206,8.397732e-05,0.7,0.2519941160766466,LOW
medium,0.999928,0.98153347,0.7,0.4168794833592462,MODERATE
medium,0.99990535,0.04436185,0.7,0.2594289434584625,LOW
hard,0.99991715,0.00028063875,0.4,0.24002502762724612,LOW
easy,0.9999212,0.6694462,0.7,0.12148237323019716,LOW
hard,0.9999212,0.973277,0.4,0.3957054229434205,MODERATE
hard,0.99968123,0.99212587,0.7,0.6976613703757416,MODERATE
easy,0.9997818,0.8881561,0.7,0.1337184117412201,LOW
medium,0.9999125,0.99501485,0.4,0.2395088285159546,LOW
medium,0.9999237,0.0005222592,0.4,0.1440391562771209,LOW
hard,0.99991584,0.0006083856,0.7,0.42013502506341316,MODERATE
hard,0.99945575,0.016229782,0.7,0.4243157539551935,MODERATE
medium,0.99992573,0.0025855051,0.7,0.2524156494751777,LOW
medium,0.99976856,0.009876181,0.7,0.2536008793162031,LOW
medium,0.9999083,0.0010412637,0.4,0.14408676341633528,LOW
hard,0.99991906,0.99876535,0.8,0.7995660688450927,HIGH
medium,0.99991775,0.00030929182,0.4,0.14401785310175613,LOW
easy,0.99990654,0.013629359,0.7,0.0847553951259574,LOW
medium,0.9999181,0.9947661,0.7,0.41910008683811645,MODERATE
medium,0.99991655,0.9933201,0.7,0.4188567582949036,MODERATE
medium,0.9999187,0.111904904,0.7,0.27077955611382126,LOW
hard,0.999905,0.006858941,0.4,0.24107464728058106,LOW
hard,0.00080251833,0.0026527273,0.7,0.0010798213647533641,LOW
hard,0.99990904,0.00013359342,0.8,0.47999909068419494,MODERATE
medium,0.99911696,0.0012768486,0.4,0.14399542502266788,LOW
easy,0.99987066,0.019153541,0.7,0.08506173689921044,LOW
medium,0.9999125,0.9981164,0.4,0.23980657731595462,LOW
hard,0.9999031,0.5284817,0.7,0.56793417079599,MODERATE
hard,0.99991965,0.99962604,0.8,0.7998417757473878,HIGH
hard,0.9999181,0.0017981494,0.7,0.42046911856219404,MODERATE
medium,0.99975985,0.99759066,0.7,0.41953473383448303,MODERATE
medium,0.99991655,0.014194131,0.4,0.14535062600165916,LOW
hard,0.9999132,0.013461066,0.7,0.423732649047627,MODERATE
easy,0.9999219,0.00033862237,0.7,0.08401240729546902,LOW
hard,0.99985623,0.0027278927,0.7,0.42070345310060747,MODERATE
medium,0.9997408,0.9976935,0.7,0.4195472044359283,MODERATE
easy,0.9999125,0.034248747,0.4,0.049091760875984866,LOW
easy,0.9999149,5.327513e-05,0.4,0.04799762021706284,LOW
hard,0.99992,0.99576026,0.7,0.6987793022719695,MODERATE
hard,0.9998981,0.99757177,0.7,0.6992773042334228,MODERATE
medium,0.9998568,0.018474812,0.7,0.2550677045064694,LOW
hard,0.99990654,0.74601525,0.7,0.6288450251097869,MODERATE
easy,0.9999212,0.0012677457,0.7,0.08406437978939714,LOW
hard,0.9999012,0.00026847146,0.7,0.4200336740630144,MODERATE
hard,0.9998894,0.6571433,0.7,0.6039536609873046,MODERATE
hard,0.99992776,0.9794502,0.7,0.6942157398855743,MODERATE
hard,0.9999149,0.0015527743,0.7,0.4203990366668997,MODERATE
medium,0.9999231,0.0004484602,0.4,0.1440319857424324,LOW
medium,0.9999114,0.80117786,0.7,0.3865755602094617,MODERATE
easy,0.9999145,0.0010769259,0.7,0.08405313478902915,LOW
hard,0.99991655,0.046377257,0.7,0.43295060111817263,MODERATE
easy,0.99980587,0.9793519,0.7,0.13882740429123536,LOW
medium,0.9999039,0.0004996064,0.4,0.14403413489048644,LOW
easy,0.9998965,0.00028071538,0.4,0.04800401615632016,LOW
easy,0.99991906,0.99975437,0.7,0.13997944716789124,LOW
medium,0.9998306,0.99794906,0.4,0.2397787252614038,LOW
hard,0.9999162,0.0007169825,0.4,0.24009460420866702,LOW
medium,0.999902,0.82250327,0.4,0.22294621479890625,LOW
medium,0.9999132,0.9971565,0.7,0.4195004223405761,MODERATE
easy,0.99992454,0.99446553,0.7,0.139683731083656,LOW
hard,0.9997398,0.00016342514,0.7,0.41993650253323384,MODERATE
hard,0.99992716,0.04675283,0.4,0.24746298625489505,LOW
hard,0.99991345,0.058304146,0.7,0.43628883661738094,MODERATE
hard,0.9999162,0.0060811965,0.7,0.4216675372851672,MODERATE
medium,0.99985576,0.89973235,0.7,0.40311869551701046,MODERATE
hard,0.999866,5.3256186e-05,0.4,0.2399763678601824,LOW
easy,0.995008,0.0024792212,0.7,0.08371951270441497,LOW
hard,0.9999219,0.99947447,0.7,0.6998200738137451,MODERATE
hard,0.9999057,0.0016318451,0.7,0.4204173379517762,MODERATE
medium,0.99991775,0.9979279,0.7,0.41963116910231324,MODERATE
hard,0.9999175,0.21364272,0.7,0.47978534799068606,MODERATE
medium,0.9997898,0.9995919,0.7,0.4198784773736755,MODERATE
medium,0.9999194,0.0018239446,0.4,0.14416350295558683,LOW
hard,0.9998585,0.01533633,0.7,0.4242347751793884,MODERATE
hard,0.99990654,0.0006294346,0.7,0.42013699679778693,MODERATE
hard,0.9999181,0.00048415107,0.4,0.2400578280170252,LOW
medium,0.99987113,0.014321741,0.7,0.25437359346738536,LOW
hard,0.99991214,0.008716518,0.7,0.4224037583751135,MODERATE
easy,0.99992037,0.0024740084,0.7,0.08413185539874472,LOW
hard,0.99990046,0.00068489055,0.7,0.42014997934545506,MODERATE
medium,0.99991906,0.05024627,0.7,0.2604209807036737,LOW
easy,0.99992335,0.9987864,0.7,0.13992559966785278,LOW
easy,0.99991584,0.00021150817,0.4,0.04800273135805866,LOW
easy,0.9997851,0.8121567,0.7,0.12946272905932923,LOW
medium,0.99991107,0.99858993,0.7,0.4197407128676092,MODERATE
easy,0.999652,0.0016397779,0.7,0.08406259959036935,LOW
hard,0.99992573,0.0003358158,0.4,0.24003590635502636,LOW
easy,0.9999231,0.9949167,0.7,0.13970887977855226,LOW
hard,0.99981266,0.031534113,0.7,0.42875087827726804,MODERATE
easy,0.9999206,0.015171848,0.7,0.08484295945029552,LOW
medium,0.9999151,0.9971316,0.7,0.4194967398195923,MODERATE
hard,0.99990535,0.012319729,0.4,0.24194844488615477,LOW
hard,0.9998932,0.00040436754,0.4,0.24003907834588978,LOW
easy,0.99991417,0.9831996,0.7,0.13905197116002807,LOW
easy,0.9999219,0.0007165402,0.7,0.08403357069394903,LOW
hard,0.9999107,0.97213453,0.4,0.39552010050648195,MODERATE
hard,0.99982053,0.8020137,0.7,0.6444884587741241,MODERATE
hard,0.99992,0.0003004843,0.4,0.24002889432912553,LOW
hard,0.9999237,0.008682665,0.7,0.42239911943226927,MODERATE
easy,0.9999225,0.81771535,0.7,0.12978555411065062,LOW
hard,0.99991846,0.9996275,0.7,0.699861461899948,MODERATE
hard,0.99991906,0.017908774,0.7,0.4249804689594562,MODERATE
hard,0.99984765,0.031857025,0.4,0.245060560126709,LOW
easy,0.99992394,0.0008518418,0.7,0.0840413144765544,LOW
medium,0.999926,0.0032029315,0.8,0.2885936596711201,LOW
easy,0.9998746,0.07462291,0.7,0.0881683553492212,LOW
easy,0.9999206,0.9980987,0.7,0.13988686316229554,LOW
medium,0.9999125,0.016994089,0.7,0.2548329620549205,LOW
easy,0.9999206,0.9996923,0.8,0.1599726911569092,LOW
hard,0.99992156,0.012581371,0.4,0.24199419382899415,LOW
easy,0.9999219,5.8673417e-05,0.7,0.08399673015410103,LOW
medium,0.9999206,0.0001431098,0.7,0.25200405033328654,LOW
easy,0.9999175,0.1355741,0.4,0.05233441535893555,LOW
easy,0.9999243,0.35753205,0.7,0.10401543951435549,LOW
hard,0.99992514,0.004815901,0.4,0.24075257693587893,LOW
medium,0.9990471,0.0024600066,0.7,0.25217316546625235,LOW
hard,0.9999101,0.044780552,0.7,0.4325008117068353,MODERATE
easy,0.99992716,0.9940521,0.7,0.13966080430921327,LOW
hard,0.99991655,0.0019205703,0.7,0.4205027288421726,MODERATE
hard,0.053700306,0.9979838,0.7,0.30198959336210635,MODERATE
easy,0.9998965,1.570391e-05,0.4,0.047995535789280154,LOW
easy,0.99991965,0.9828079,0.4,0.07944599709473878,LOW
hard,0.99988127,0.002276448,0.4,0.24033575019654055,LOW
easy,0.99992657,0.05794542,0.7,0.08723878016131165,LOW
hard,0.9998505,0.0010070421,0.4,0.24012525427658837,LOW
easy,0.99992454,0.00045452328,0.4,0.04801092268990629,LOW
medium,0.9999194,0.00013107121,0.4,0.1440009871101468,LOW
hard,0.9998822,0.107475005,0.7,0.450043534313208,MODERATE
hard,0.9999076,0.00011659486,0.4,0.23999649178648672,LOW
hard,0.99991846,0.003235513,0.7,0.4208717055399481,MODERATE
hard,0.99989486,0.0062783924,0.7,0.4217138233613799,MODERATE
medium,0.9999206,0.00454823,0.7,0.25274411052688656,LOW
hard,0.9998952,0.9936144,0.4,0.398953160376648,MODERATE
medium,0.9999118,0.99712247,0.4,0.23971105990015137,LOW
easy,0.99992156,0.0017331855,0.7,0.08409046945214795,LOW
hard,0.9257686,0.0015859816,0.7,0.3892668926504292,MODERATE
easy,0.99936754,0.990725,0.4,0.07967284168548586,LOW
hard,0.9997744,0.14831856,0.7,0.4614344599855011,MODERATE
medium,0.9999087,0.0015480887,0.7,0.2522370827143899,LOW
easy,0.0026939143,0.007029955,0.4,0.0003542664503108836,LOW
medium,0.9999114,0.9997509,0.4,0.23996333195969236,LOW
medium,0.99991965,0.0020257342,0.4,0.1441829033674163,LOW
easy,0.9999125,0.0030109324,0.4,0.048092150808784866,LOW
medium,0.99964094,0.99406105,0.7,0.41891179371536863,MODERATE
hard,0.9998697,0.99911016,0.7,0.6996961205835388,MODERATE
hard,0.99988985,0.00024942827,0.4,0.2400134774395208,LOW
medium,0.9999237,0.00042200676,0.8,0.2880590640857618,LOW
medium,0.9999138,0.9992945,0.7,0.419859756544281,MODERATE
easy,0.9999069,0.00041762006,0.4,0.048008897785096274,LOW
easy,0.99992156,0.00090036157,0.7,0.08404383131206795,LOW
easy,0.9999249,0.11591127,0.7,0.09048472590225709,LOW
hard,0.99991965,0.0022104878,0.7,0.4205851991629642,MODERATE
hard,0.99992216,0.0005565696,0.7,0.42012314514824783,MODERATE
hard,0.99992573,0.00070224405,0.4,0.2400945348750264,LOW
medium,0.99992514,0.007893761,0.4,0.14474702072152734,LOW
easy,0.9998945,0.01821768,0.7,0.08501133139927491,LOW
easy,0.99991775,0.98400766,0.7,0.13909752292743774,LOW
easy,0.99990237,0.0002873985,0.7,0.08400789486264611,LOW
easy,0.99990165,0.0040608314,0.7,0.08421914869249425,LOW
medium,0.99992514,0.00062581646,0.7,0.25208627157995284,LOW
easy,0.99992657,0.00021737527,0.7,0.08400600965643164,LOW
medium,0.99992037,0.016532471,0.7,0.25475738791303415,LOW
medium,0.9999101,0.0005943657,0.7,0.25207720772570114,LOW
hard,0.99991775,0.00017294075,0.7,0.42001389324718874,MODERATE
medium,0.9999087,0.014896807,0.7,0.2544796673887899,LOW
hard,0.99992216,0.008225304,0.7,0.42227039078024775,MODERATE
easy,0.99990726,0.004511945,0.7,0.08424487835450928,LOW
hard,0.99992096,0.00014617463,0.8,0.4800088387172934,MODERATE
medium,0.99992335,3.40769e-05,0.4,0.1439922335558619,LOW
medium,0.99991846,0.0076615727,0.7,0.2532666013535689,LOW
hard,0.99992,0.0640981,0.7,0.4379138974719695,MODERATE
hard,0.99991584,0.9892034,0.7,0.6969416290954131,MODERATE
easy,0.99990356,0.99884725,0.7,0.13992734668244933,LOW
medium,0.9998889,0.99977237,0.8,0.4799243202475195,MODERATE
medium,0.9999249,0.0018842127,0.7,0.2522976320803712,LOW
hard,0.03882902,0.997888,0.7,0.29571682992853165,LOW
medium,0.99987805,0.52678543,0.4,0.1945538403211377,LOW
medium,0.9997241,0.9997992,0.7,0.419896756332193,MODERATE
medium,0.9998932,0.0008444717,0.7,0.2521149697620642,LOW
medium,0.999866,0.9985228,0.7,0.4197180696139435,MODERATE
hard,0.99992573,0.9993005,0.7,0.699772947697296,MODERATE
medium,0.999905,0.054978788,0.7,0.26121251394061007,LOW
hard,0.99991107,0.0016994987,0.4,0.24025059086591358,LOW
hard,0.9999149,0.005201819,0.7,0.4214207691828998,MODERATE
medium,0.9999194,0.9848433,0.7,0.41743338187947693,MODERATE
easy,0.99992,0.40339482,0.7,0.10658339581439391,LOW
hard,0.9999212,0.018967241,0.4,0.24301586150342042,LOW
medium,0.9999175,0.005722064,0.8,0.2890749012416133,LOW
hard,0.9998795,0.6827937,0.4,0.3492180813630982,MODERATE
easy,0.99992096,0.021930337,0.4,0.04869797706756934,LOW
easy,0.99992716,0.0022436345,0.7,0.08411953024121326,LOW
easy,0.9999039,0.0059507606,0.7,0.08432517665465042,LOW
medium,0.99991584,0.00023354428,0.4,0.14401030954073596,LOW
medium,0.99983907,0.96314424,0.7,0.4137676873332751,MODERATE
medium,0.999926,0.0034301335,0.7,0.2525576221482301,LOW
hard,0.9999083,0.79394823,0.7,0.6422670105283111,MODERATE
medium,0.9998969,0.9980888,0.7,0.419652943172644,MODERATE
easy,0.9999039,0.0006902472,0.7,0.08403058790425041,LOW
medium,0.99992514,0.012266385,0.4,0.14516679262552734,LOW
easy,0.99992335,0.9997688,0.7,0.13998061406785275,LOW
easy,0.99986184,0.9919099,0.4,0.07973448590247804,LOW
hard,0.9999194,0.0018072668,0.7,0.4204722138364615,MODERATE
easy,0.99990654,0.9992601,0.7,0.1399507166219574,LOW
medium,0.99992335,0.08300451,0.7,0.2659254414835583,LOW
hard,0.0029121786,0.00052431686,0.7,0.0013699237966452713,LOW
medium,0.99992394,0.11227967,0.4,0.1547678963241504,LOW
hard,0.9999175,0.00023320878,0.4,0.24001753419947774,LOW
medium,0.9999237,0.000764917,0.4,0.1440624514259209,LOW
medium,0.99968493,0.99979526,0.7,0.4198862060016247,MODERATE
hard,0.99991846,0.0020178847,0.7,0.4205307696159481,MODERATE
hard,0.99990654,0.006086701,0.7,0.42166503138978695,MODERATE
easy,0.9997284,0.0020018492,0.7,0.08408929261922589,LOW
easy,0.9999083,0.004630202,1.0,0.12035941791094605,LOW
medium,0.99991345,0.0019300688,0.7,0.2523024570008286,LOW
medium,0.9998832,0.9997112,0.7,0.41992205168743285,MODERATE
medium,0.9999237,0.025311496,0.4,0.1464189230099209,LOW
medium,0.9999187,0.99934334,0.7,0.41986921336182126,MODERATE
hard,0.9999231,0.9999695,0.7,0.6999591828927612,MODERATE
hard,0.9999138,0.00030352417,0.7,0.42004878767473497,MODERATE
hard,0.99991906,0.0006717226,0.4,0.24008805403854638,LOW
hard,0.9999175,0.0046267104,0.7,0.421260865302686,MODERATE
hard,0.9998977,0.012077152,0.7,0.4233386443004174,MODERATE
hard,0.99989843,0.0013271691,0.7,0.4203289828744282,MODERATE
medium,0.9999155,0.0021819295,0.7,0.2523452702774447,LOW
medium,0.99990606,0.00043022793,0.7,0.2520486061883581,LOW
hard,0.99987113,0.0005430151,0.7,0.4200979458603089,MODERATE
medium,0.9995627,0.00032877902,0.7,0.25194504543749374,LOW
easy,0.9999231,0.99690264,0.7,0.13982009241855226,LOW
medium,0.99988365,0.31713787,0.7,0.30524985741718685,MODERATE
