htype,difficulty,true_tid,pred_tid
Mechanism and Pathway Misattribution,medium,2,2
Incomplete Information,hard,1,0
Misinterpretation of #Question#,hard,0,2
Misinterpretation of #Question#,easy,0,0
Incomplete Information,hard,1,0
Misinterpretation of #Question#,medium,0,0
Misinterpretation of #Question#,easy,0,1
Incomplete Information,hard,1,1
Misinterpretation of #Question#,hard,0,0
Incomplete Information,hard,1,1
Misinterpretation of #Question#,medium,0,0
Misinterpretation of #Question#,hard,0,0
Misinterpretation of #Question#,easy,0,0
Misinterpretation of #Question#,hard,0,1
Incomplete Information,easy,1,1
Misinterpretation of #Question#,easy,0,2
Misinterpretation of #Question#,medium,0,0
Misinterpretation of #Question#,hard,0,0
Misinterpretation of #Question#,hard,0,1
Misinterpretation of #Question#,medium,0,2
Misinterpretation of #Question#,hard,0,1
Misinterpretation of #Question#,hard,0,0
Misinterpretation of #Question#,easy,0,0
Misinterpretation of #Question#,medium,0,1
Misinterpretation of #Question#,easy,0,0
Incomplete Information,hard,1,0
Misinterpretation of #Question#,hard,0,0
Misinterpretation of #Question#,easy,0,0
Misinterpretation of #Question#,medium,0,0
Misinterpretation of #Question#,easy,0,0
Misinterpretation of #Question#,medium,0,0
Misinterpretation of #Question#,hard,0,0
Misinterpretation of #Question#,hard,0,0
Misinterpretation of #Question#,hard,0,0
Incomplete Information,hard,1,0
Misinterpretation of #Question#,hard,0,1
Misinterpretation of #Question#,hard,0,0
Misinterpretation of #Question#,easy,0,1
Incomplete Information,easy,1,1
Mechanism and Pathway Misattribution,medium,2,0
Misinterpretation of #Question#,hard,0,0
Incomplete Information,easy,1,0
Misinterpretation of #Question#,hard,0,0
Misinterpretation of #Question#,hard,0,0
Misinterpretation of #Question#,hard,0,2
Misinterpretation of #Question#,easy,0,1
Incomplete Information,hard,1,0
Misinterpretation of #Question#,hard,0,0
Misinterpretation of #Question#,easy,0,0
Misinterpretation of #Question#,hard,0,0
Misinterpretation of #Question#,medium,0,0
Misinterpretation of #Question#,hard,0,0
Misinterpretation of #Question#,hard,0,0
Misinterpretation of #Question#,hard,0,0
Misinterpretation of #Question#,hard,0,0
Incomplete Information,medium,1,0
Methodological and Evidence Fabrication,hard,3,1
Misinterpretation of #Question#,medium,0,0
Misinterpretation of #Question#,hard,0,1
Misinterpretation of #Question#,hard,0,0
Incomplete Information,medium,1,0
Mechanism and Pathway Misattribution,hard,2,2
Misinterpretation of #Question#,easy,0,0
Misinterpretation of #Question#,easy,0,0
Misinterpretation of #Question#,medium,0,0
Misinterpretation of #Question#,medium,0,1
Misinterpretation of #Question#,hard,0,0
Misinterpretation of #Question#,easy,0,1
Mechanism and Pathway Misattribution,easy,2,2
Misinterpretation of #Question#,hard,0,1
Incomplete Information,medium,1,0
Misinterpretation of #Question#,hard,0,0
Misinterpretation of #Question#,hard,0,0
Incomplete Information,easy,1,0
Misinterpretation of #Question#,easy,0,0
Misinterpretation of #Question#,hard,0,0
Incomplete Information,easy,1,1
Incomplete Information,hard,1,0
Misinterpretation of #Question#,medium,0,0
Misinterpretation of #Question#,hard,0,0
Misinterpretation of #Question#,easy,0,1
Mechanism and Pathway Misattribution,medium,2,2
Misinterpretation of #Question#,easy,0,0
Misinterpretation of #Question#,easy,0,0
Misinterpretation of #Question#,easy,0,0
Misinterpretation of #Question#,medium,0,1
Misinterpretation of #Question#,easy,0,0
Misinterpretation of #Question#,hard,0,0
Misinterpretation of #Question#,hard,0,1
Incomplete Information,medium,1,0
Misinterpretation of #Question#,medium,0,1
Misinterpretation of #Question#,medium,0,0
Incomplete Information,easy,1,1
Misinterpretation of #Question#,medium,0,0
Misinterpretation of #Question#,medium,0,1
Misinterpretation of #Question#,hard,0,1
Misinterpretation of #Question#,medium,0,0
Incomplete Information,medium,1,0
Misinterpretation of #Question#,hard,0,0
Misinterpretation of #Question#,medium,0,1
Misinterpretation of #Question#,easy,0,0
Misinterpretation of #Question#,easy,0,1
Misinterpretation of #Question#,easy,0,1
Incomplete Information,hard,1,1
Incomplete Information,hard,1,0
Incomplete Information,medium,1,1
Misinterpretation of #Question#,hard,0,0
Misinterpretation of #Question#,hard,0,0
Misinterpretation of #Question#,medium,0,1
Misinterpretation of #Question#,easy,0,0
Misinterpretation of #Question#,medium,0,0
Misinterpretation of #Question#,hard,0,0
Misinterpretation of #Question#,easy,0,0
Misinterpretation of #Question#,hard,0,0
Misinterpretation of #Question#,hard,0,0
Misinterpretation of #Question#,hard,0,0
Misinterpretation of #Question#,hard,0,1
Misinterpretation of #Question#,easy,0,0
Misinterpretation of #Question#,hard,0,0
Misinterpretation of #Question#,easy,0,0
Incomplete Information,medium,1,1
Misinterpretation of #Question#,medium,0,0
Mechanism and Pathway Misattribution,hard,2,2
Incomplete Information,easy,1,1
Misinterpretation of #Question#,easy,0,0
Incomplete Information,easy,1,0
Misinterpretation of #Question#,easy,0,0
Misinterpretation of #Question#,hard,0,0
Misinterpretation of #Question#,hard,0,0
Incomplete Information,easy,1,1
Misinterpretation of #Question#,easy,0,1
Misinterpretation of #Question#,easy,0,0
Misinterpretation of #Question#,hard,0,0
Misinterpretation of #Question#,hard,0,0
Misinterpretation of #Question#,easy,0,0
Misinterpretation of #Question#,easy,0,0
Misinterpretation of #Question#,hard,0,0
Misinterpretation of #Question#,hard,0,1
Incomplete Information,hard,1,0
Misinterpretation of #Question#,hard,0,0
Misinterpretation of #Question#,medium,0,0
Mechanism and Pathway Misattribution,medium,2,0
Mechanism and Pathway Misattribution,medium,2,2
Misinterpretation of #Question#,hard,0,0
Misinterpretation of #Question#,hard,0,1
Misinterpretation of #Question#,medium,0,0
Incomplete Information,hard,1,0
Misinterpretation of #Question#,medium,0,1
Incomplete Information,easy,1,0
Misinterpretation of #Question#,medium,0,0
Misinterpretation of #Question#,hard,0,0
Misinterpretation of #Question#,medium,0,0
Misinterpretation of #Question#,medium,0,0
Incomplete Information,easy,1,1
Misinterpretation of #Question#,easy,0,0
Misinterpretation of #Question#,hard,0,0
Incomplete Information,easy,1,1
Misinterpretation of #Question#,easy,0,0
Incomplete Information,hard,1,1
Misinterpretation of #Question#,hard,0,0
Misinterpretation of #Question#,easy,0,0
Misinterpretation of #Question#,hard,0,1
Misinterpretation of #Question#,hard,0,0
Misinterpretation of #Question#,medium,0,0
Misinterpretation of #Question#,easy,0,0
Misinterpretation of #Question#,medium,0,0
Misinterpretation of #Question#,medium,0,0
Misinterpretation of #Question#,hard,0,0
Misinterpretation of #Question#,medium,0,0
Incomplete Information,hard,1,1
Misinterpretation of #Question#,easy,0,0
Misinterpretation of #Question#,easy,0,0
Incomplete Information,easy,1,1
Misinterpretation of #Question#,medium,0,1
Misinterpretation of #Question#,easy,0,0
Misinterpretation of #Question#,easy,0,0
Incomplete Information,easy,1,0
Misinterpretation of #Question#,easy,0,0
Misinterpretation of #Question#,easy,0,2
Misinterpretation of #Question#,hard,0,0
Incomplete Information,hard,1,0
Misinterpretation of #Question#,hard,0,1
Misinterpretation of #Question#,hard,0,0
Misinterpretation of #Question#,medium,0,0
Misinterpretation of #Question#,hard,0,0
Misinterpretation of #Question#,easy,0,1
Incomplete Information,hard,1,1
Incomplete Information,medium,1,1
Incomplete Information,hard,1,0
Misinterpretation of #Question#,easy,0,0
Incomplete Information,hard,1,0
Misinterpretation of #Question#,easy,0,0
Misinterpretation of #Question#,medium,0,0
Incomplete Information,easy,1,1
Misinterpretation of #Question#,hard,0,0
Misinterpretation of #Question#,medium,0,1
Misinterpretation of #Question#,medium,0,0
Misinterpretation of #Question#,hard,0,0
Incomplete Information,hard,1,1
Misinterpretation of #Question#,medium,0,0
Misinterpretation of #Question#,hard,0,0
Misinterpretation of #Question#,medium,0,0
Misinterpretation of #Question#,hard,0,0
Incomplete Information,hard,1,0
Misinterpretation of #Question#,hard,0,0
Misinterpretation of #Question#,easy,0,0
Incomplete Information,medium,1,1
Misinterpretation of #Question#,hard,0,1
Incomplete Information,hard,1,0
Misinterpretation of #Question#,hard,0,0
Misinterpretation of #Question#,hard,0,0
Misinterpretation of #Question#,hard,0,1
Misinterpretation of #Question#,hard,0,1
Misinterpretation of #Question#,medium,0,0
Misinterpretation of #Question#,medium,0,0
Misinterpretation of #Question#,medium,0,0
Misinterpretation of #Question#,hard,0,1
Misinterpretation of #Question#,hard,0,0
Misinterpretation of #Question#,medium,0,0
Misinterpretation of #Question#,medium,0,1
Misinterpretation of #Question#,medium,0,0
Misinterpretation of #Question#,medium,0,0
Incomplete Information,hard,1,1
Misinterpretation of #Question#,easy,0,1
Misinterpretation of #Question#,hard,0,1
Incomplete Information,medium,1,1
Misinterpretation of #Question#,hard,0,0
Misinterpretation of #Question#,hard,0,0
Misinterpretation of #Question#,medium,0,0
Misinterpretation of #Question#,hard,0,0
Incomplete Information,hard,1,0
Misinterpretation of #Question#,easy,0,0
Incomplete Information,medium,1,1
Misinterpretation of #Question#,medium,0,0
Misinterpretation of #Question#,easy,0,0
Mechanism and Pathway Misattribution,hard,2,0
Incomplete Information,hard,1,1
Incomplete Information,hard,1,0
Misinterpretation of #Question#,medium,0,2
Misinterpretation of #Question#,easy,0,2
Incomplete Information,hard,1,1
Incomplete Information,hard,1,1
Misinterpretation of #Question#,hard,0,0
Misinterpretation of #Question#,medium,0,0
Mechanism and Pathway Misattribution,medium,2,2
Misinterpretation of #Question#,hard,0,0
Misinterpretation of #Question#,hard,0,1
Incomplete Information,hard,1,1
Incomplete Information,medium,1,0
Misinterpretation of #Question#,medium,0,0
Misinterpretation of #Question#,medium,0,1
Misinterpretation of #Question#,easy,0,0
Misinterpretation of #Question#,hard,0,1
Misinterpretation of #Question#,medium,0,0
Misinterpretation of #Question#,medium,0,0
Misinterpretation of #Question#,medium,0,1
Misinterpretation of #Question#,medium,0,1
Misinterpretation of #Question#,medium,0,0
Misinterpretation of #Question#,hard,0,0
Misinterpretation of #Question#,hard,0,1
Incomplete Information,easy,1,0
Incomplete Information,hard,1,0
Misinterpretation of #Question#,hard,0,0
Misinterpretation of #Question#,hard,0,0
Misinterpretation of #Question#,easy,0,0
Incomplete Information,hard,1,0
Misinterpretation of #Question#,easy,0,0
Misinterpretation of #Question#,medium,0,0
Misinterpretation of #Question#,medium,0,0
Incomplete Information,hard,1,0
Misinterpretation of #Question#,medium,0,2
Incomplete Information,medium,1,0
Misinterpretation of #Question#,easy,0,0
Misinterpretation of #Question#,easy,0,1
Misinterpretation of #Question#,hard,0,0
Misinterpretation of #Question#,medium,0,2
Incomplete Information,easy,1,0
Misinterpretation of #Question#,medium,0,0
Misinterpretation of #Question#,hard,0,0
Misinterpretation of #Question#,hard,0,0
Mechanism and Pathway Misattribution,hard,2,2
Misinterpretation of #Question#,hard,0,0
Misinterpretation of #Question#,hard,0,1
Incomplete Information,medium,1,0
Incomplete Information,hard,1,0
Incomplete Information,hard,1,0
Misinterpretation of #Question#,hard,0,0
Incomplete Information,hard,1,1
Misinterpretation of #Question#,hard,0,1
Misinterpretation of #Question#,medium,0,1
Incomplete Information,easy,1,1
Incomplete Information,hard,1,1
Incomplete Information,easy,1,1
Misinterpretation of #Question#,easy,0,0
Incomplete Information,medium,1,0
Misinterpretation of #Question#,easy,0,2
Misinterpretation of #Question#,medium,0,0
Misinterpretation of #Question#,medium,0,1
Misinterpretation of #Question#,medium,0,1
Incomplete Information,easy,1,0
Incomplete Information,easy,1,1
Misinterpretation of #Question#,medium,0,1
Misinterpretation of #Question#,medium,0,0
Misinterpretation of #Question#,easy,0,0
Misinterpretation of #Question#,medium,0,0
Misinterpretation of #Question#,medium,0,1
Misinterpretation of #Question#,easy,0,0
Misinterpretation of #Question#,medium,0,0
Misinterpretation of #Question#,hard,0,0
Incomplete Information,hard,1,0
Incomplete Information,hard,1,1
Misinterpretation of #Question#,easy,0,0
Misinterpretation of #Question#,hard,0,0
Misinterpretation of #Question#,easy,0,0
Misinterpretation of #Question#,medium,0,0
Incomplete Information,hard,1,1
Incomplete Information,hard,1,1
Misinterpretation of #Question#,medium,0,0
Misinterpretation of #Question#,hard,0,0
Misinterpretation of #Question#,medium,0,1
Incomplete Information,easy,1,0
Misinterpretation of #Question#,easy,0,1
Misinterpretation of #Question#,medium,0,0
Misinterpretation of #Question#,medium,0,0
Incomplete Information,medium,1,0
Misinterpretation of #Question#,medium,0,1
Incomplete Information,medium,1,1
Misinterpretation of #Question#,easy,0,0
Misinterpretation of #Question#,hard,0,0
Misinterpretation of #Question#,easy,0,0
Misinterpretation of #Question#,hard,0,0
Misinterpretation of #Question#,easy,0,0
Incomplete Information,hard,1,1
Misinterpretation of #Question#,hard,0,0
Misinterpretation of #Question#,hard,0,0
Misinterpretation of #Question#,hard,0,0
Misinterpretation of #Question#,hard,0,1
Misinterpretation of #Question#,easy,0,0
Misinterpretation of #Question#,medium,0,0
Misinterpretation of #Question#,easy,0,0
Misinterpretation of #Question#,hard,0,1
Misinterpretation of #Question#,medium,0,0
Incomplete Information,hard,1,1
Misinterpretation of #Question#,easy,0,0
Misinterpretation of #Question#,hard,0,1
Incomplete Information,easy,1,1
Misinterpretation of #Question#,medium,0,0
Misinterpretation of #Question#,medium,0,0
Incomplete Information,easy,1,1
Misinterpretation of #Question#,medium,0,1
Misinterpretation of #Question#,easy,0,1
Incomplete Information,hard,1,1
Incomplete Information,medium,1,0
Misinterpretation of #Question#,medium,0,0
Misinterpretation of #Question#,easy,0,0
Misinterpretation of #Question#,easy,0,0
Misinterpretation of #Question#,medium,0,0
Misinterpretation of #Question#,easy,0,0
Incomplete Information,hard,1,1
Misinterpretation of #Question#,easy,0,0
Misinterpretation of #Question#,easy,0,0
Misinterpretation of #Question#,hard,0,0
Incomplete Information,medium,1,1
Incomplete Information,hard,1,0
Misinterpretation of #Question#,medium,0,0
Misinterpretation of #Question#,hard,0,0
Misinterpretation of #Question#,hard,0,0
Misinterpretation of #Question#,medium,0,0
Incomplete Information,medium,1,1
Misinterpretation of #Question#,hard,0,0
Misinterpretation of #Question#,hard,0,0
Misinterpretation of #Question#,easy,0,2
Misinterpretation of #Question#,hard,0,0
Misinterpretation of #Question#,hard,0,0
Misinterpretation of #Question#,hard,0,1
Misinterpretation of #Question#,hard,0,1
Misinterpretation of #Question#,medium,0,1
Misinterpretation of #Question#,easy,0,0
Misinterpretation of #Question#,medium,0,1
Incomplete Information,easy,1,0
Incomplete Information,medium,1,1
Misinterpretation of #Question#,medium,0,0
Misinterpretation of #Question#,hard,0,0
Misinterpretation of #Question#,easy,0,0
Incomplete Information,medium,1,1
Misinterpretation of #Question#,easy,0,0
Misinterpretation of #Question#,easy,0,1
Misinterpretation of #Question#,hard,0,1
Incomplete Information,easy,1,1
Misinterpretation of #Question#,medium,0,0
Incomplete Information,hard,1,0
Misinterpretation of #Question#,medium,0,0
Incomplete Information,medium,1,0
Incomplete Information,medium,1,1
Misinterpretation of #Question#,easy,0,0
Misinterpretation of #Question#,easy,0,1
Misinterpretation of #Question#,easy,0,1
Misinterpretation of #Question#,easy,0,0
Misinterpretation of #Question#,hard,0,1
Misinterpretation of #Question#,hard,0,0
Misinterpretation of #Question#,easy,0,0
Misinterpretation of #Question#,easy,0,1
Misinterpretation of #Question#,easy,0,1
Misinterpretation of #Question#,hard,0,0
Misinterpretation of #Question#,hard,0,0
Misinterpretation of #Question#,medium,0,0
Misinterpretation of #Question#,medium,0,0
Misinterpretation of #Question#,hard,0,0
Misinterpretation of #Question#,hard,0,1
Misinterpretation of #Question#,medium,0,1
Misinterpretation of #Question#,medium,0,1
Misinterpretation of #Question#,medium,0,0
Misinterpretation of #Question#,easy,0,0
Misinterpretation of #Question#,hard,0,0
Incomplete Information,hard,1,0
Misinterpretation of #Question#,hard,0,1
Misinterpretation of #Question#,easy,0,0
Misinterpretation of #Question#,medium,0,1
Misinterpretation of #Question#,hard,0,0
Incomplete Information,hard,1,0
Misinterpretation of #Question#,hard,0,0
Misinterpretation of #Question#,medium,0,2
Misinterpretation of #Question#,hard,0,1
Misinterpretation of #Question#,medium,0,0
Incomplete Information,hard,1,1
Misinterpretation of #Question#,hard,0,0
Misinterpretation of #Question#,hard,0,1
Misinterpretation of #Question#,medium,0,0
Misinterpretation of #Question#,easy,0,0
Mechanism and Pathway Misattribution,hard,2,2
Incomplete Information,medium,1,1
Misinterpretation of #Question#,hard,0,1
Incomplete Information,hard,1,0
Misinterpretation of #Question#,hard,0,0
Mechanism and Pathway Misattribution,medium,2,1
Misinterpretation of #Question#,hard,0,0
Misinterpretation of #Question#,medium,0,0
Misinterpretation of #Question#,hard,0,1
Misinterpretation of #Question#,easy,0,0
Incomplete Information,medium,1,1
Misinterpretation of #Question#,easy,0,0
Misinterpretation of #Question#,medium,0,0
Misinterpretation of #Question#,hard,0,1
Incomplete Information,hard,1,1
Incomplete Information,easy,1,1
Misinterpretation of #Question#,hard,0,0
Misinterpretation of #Question#,hard,0,0
Misinterpretation of #Question#,hard,0,0
Misinterpretation of #Question#,hard,0,0
Misinterpretation of #Question#,hard,0,0
Misinterpretation of #Question#,medium,0,0
Misinterpretation of #Question#,medium,0,0
Misinterpretation of #Question#,medium,0,0
Misinterpretation of #Question#,easy,0,0
Misinterpretation of #Question#,hard,0,2
Incomplete Information,easy,1,1
Misinterpretation of #Question#,easy,0,0
Incomplete Information,medium,1,0
Misinterpretation of #Question#,medium,0,1
Misinterpretation of #Question#,easy,0,0
Incomplete Information,hard,1,1
Misinterpretation of #Question#,easy,0,1
Misinterpretation of #Question#,medium,0,0
Misinterpretation of #Question#,medium,0,0
Mechanism and Pathway Misattribution,easy,2,2
Misinterpretation of #Question#,hard,0,2
Incomplete Information,hard,1,1
Mechanism and Pathway Misattribution,medium,2,2
Misinterpretation of #Question#,easy,0,0
Misinterpretation of #Question#,hard,0,0
Misinterpretation of #Question#,easy,0,0
Misinterpretation of #Question#,hard,0,1
Misinterpretation of #Question#,medium,0,0
Mechanism and Pathway Misattribution,hard,2,0
Misinterpretation of #Question#,hard,0,3
Misinterpretation of #Question#,easy,0,0
Misinterpretation of #Question#,medium,0,0
Misinterpretation of #Question#,medium,0,0
Misinterpretation of #Question#,easy,0,0
Misinterpretation of #Question#,easy,0,1
Misinterpretation of #Question#,easy,0,0
Misinterpretation of #Question#,easy,0,1
Misinterpretation of #Question#,medium,0,0
Misinterpretation of #Question#,easy,0,0
Incomplete Information,easy,1,1
Misinterpretation of #Question#,medium,0,0
Misinterpretation of #Question#,easy,0,1
Misinterpretation of #Question#,hard,0,0
Incomplete Information,hard,1,1
Misinterpretation of #Question#,medium,0,0
Misinterpretation of #Question#,easy,0,0
Incomplete Information,hard,1,0
Misinterpretation of #Question#,hard,0,0
Misinterpretation of #Question#,medium,0,0
Incomplete Information,hard,1,0
Incomplete Information,easy,1,0
Misinterpretation of #Question#,easy,0,1
Misinterpretation of #Question#,hard,0,0
Misinterpretation of #Question#,easy,0,0
Incomplete Information,medium,1,0
Misinterpretation of #Question#,hard,0,0
Misinterpretation of #Question#,easy,0,1
Misinterpretation of #Question#,hard,0,0
Incomplete Information,medium,1,1
Misinterpretation of #Question#,hard,0,1
Misinterpretation of #Question#,easy,0,0
Misinterpretation of #Question#,easy,0,0
Misinterpretation of #Question#,hard,0,0
Misinterpretation of #Question#,medium,0,0
Misinterpretation of #Question#,medium,0,0
Misinterpretation of #Question#,hard,0,0
Misinterpretation of #Question#,easy,0,0
Misinterpretation of #Question#,easy,0,2
Mechanism and Pathway Misattribution,easy,2,2
Misinterpretation of #Question#,hard,0,1
Misinterpretation of #Question#,hard,0,0
Misinterpretation of #Question#,medium,0,0
Misinterpretation of #Question#,hard,0,0
Misinterpretation of #Question#,easy,0,0
Misinterpretation of #Question#,hard,0,0
Misinterpretation of #Question#,easy,0,0
Misinterpretation of #Question#,hard,0,1
Mechanism and Pathway Misattribution,hard,2,0
Misinterpretation of #Question#,easy,0,0
Misinterpretation of #Question#,medium,0,0
Misinterpretation of #Question#,medium,0,0
Mechanism and Pathway Misattribution,easy,2,0
Misinterpretation of #Question#,hard,0,0
Incomplete Information,medium,1,1
Misinterpretation of #Question#,medium,0,0
Misinterpretation of #Question#,hard,0,0
Misinterpretation of #Question#,hard,0,0
Misinterpretation of #Question#,easy,0,1
Incomplete Information,easy,1,1
Misinterpretation of #Question#,medium,0,0
Misinterpretation of #Question#,easy,0,2
Incomplete Information,medium,1,1
Incomplete Information,hard,1,1
Misinterpretation of #Question#,easy,0,0
Misinterpretation of #Question#,easy,0,0
Misinterpretation of #Question#,hard,0,3
Misinterpretation of #Question#,medium,0,1
Incomplete Information,hard,1,0
Misinterpretation of #Question#,medium,0,0
Misinterpretation of #Question#,hard,0,0
Misinterpretation of #Question#,hard,0,0
Misinterpretation of #Question#,easy,0,0
Misinterpretation of #Question#,hard,0,0
Misinterpretation of #Question#,medium,0,0
Misinterpretation of #Question#,easy,0,0
Misinterpretation of #Question#,easy,0,0
Misinterpretation of #Question#,medium,0,0
Misinterpretation of #Question#,hard,0,0
Incomplete Information,easy,1,0
Incomplete Information,medium,1,0
Misinterpretation of #Question#,easy,0,0
Misinterpretation of #Question#,hard,0,0
Misinterpretation of #Question#,easy,0,0
Incomplete Information,medium,1,0
Incomplete Information,hard,1,1
Misinterpretation of #Question#,easy,0,0
Misinterpretation of #Question#,easy,0,0
Misinterpretation of #Question#,medium,0,0
Misinterpretation of #Question#,medium,0,1
Misinterpretation of #Question#,hard,0,0
Incomplete Information,hard,1,0
Misinterpretation of #Question#,medium,0,0
Misinterpretation of #Question#,hard,0,0
Misinterpretation of #Question#,medium,0,0
Misinterpretation of #Question#,hard,0,0
Incomplete Information,medium,1,1
Misinterpretation of #Question#,hard,0,0
Misinterpretation of #Question#,easy,0,0
Misinterpretation of #Question#,easy,0,0
Misinterpretation of #Question#,medium,0,0
Misinterpretation of #Question#,hard,0,1
Misinterpretation of #Question#,easy,0,1
Incomplete Information,hard,1,0
Misinterpretation of #Question#,medium,0,1
Incomplete Information,hard,1,0
Misinterpretation of #Question#,hard,0,0
Misinterpretation of #Question#,medium,0,0
Misinterpretation of #Question#,medium,0,0
Misinterpretation of #Question#,medium,0,1
Misinterpretation of #Question#,easy,0,0
Incomplete Information,easy,1,1
Incomplete Information,hard,1,0
Misinterpretation of #Question#,medium,0,0
Misinterpretation of #Question#,medium,0,1
Incomplete Information,hard,1,0
Incomplete Information,medium,1,1
Misinterpretation of #Question#,easy,0,0
Misinterpretation of #Question#,easy,0,0
Misinterpretation of #Question#,easy,0,0
Incomplete Information,hard,1,1
Misinterpretation of #Question#,easy,0,0
Misinterpretation of #Question#,hard,0,0
Misinterpretation of #Question#,hard,0,0
Misinterpretation of #Question#,medium,0,0
Misinterpretation of #Question#,easy,0,0
Misinterpretation of #Question#,hard,0,2
Misinterpretation of #Question#,easy,0,0
Incomplete Information,hard,1,1
Misinterpretation of #Question#,easy,0,0
Misinterpretation of #Question#,hard,0,0
Incomplete Information,medium,1,0
Misinterpretation of #Question#,medium,0,0
Misinterpretation of #Question#,hard,0,0
Misinterpretation of #Question#,medium,0,1
Mechanism and Pathway Misattribution,medium,2,2
Mechanism and Pathway Misattribution,hard,2,2
Misinterpretation of #Question#,hard,0,0
Misinterpretation of #Question#,medium,0,0
Incomplete Information,hard,1,1
Misinterpretation of #Question#,easy,0,0
Mechanism and Pathway Misattribution,easy,2,2
Misinterpretation of #Question#,hard,0,0
Misinterpretation of #Question#,medium,0,0
Misinterpretation of #Question#,hard,0,0
Misinterpretation of #Question#,hard,0,0
Misinterpretation of #Question#,hard,0,0
Misinterpretation of #Question#,easy,0,1
Misinterpretation of #Question#,easy,0,0
Misinterpretation of #Question#,easy,0,0
Misinterpretation of #Question#,hard,0,0
Misinterpretation of #Question#,medium,0,0
Misinterpretation of #Question#,hard,0,0
Misinterpretation of #Question#,hard,0,0
Misinterpretation of #Question#,medium,0,0
Misinterpretation of #Question#,hard,0,1
Misinterpretation of #Question#,medium,0,2
Misinterpretation of #Question#,medium,0,0
Incomplete Information,hard,1,1
Misinterpretation of #Question#,hard,0,0
Misinterpretation of #Question#,medium,0,0
Misinterpretation of #Question#,hard,0,0
Incomplete Information,hard,1,1
Misinterpretation of #Question#,medium,0,0
Misinterpretation of #Question#,easy,0,0
Misinterpretation of #Question#,hard,0,2
Misinterpretation of #Question#,medium,0,0
Misinterpretation of #Question#,medium,0,0
Misinterpretation of #Question#,medium,0,0
Incomplete Information,easy,1,1
Misinterpretation of #Question#,hard,0,0
Misinterpretation of #Question#,hard,0,0
Incomplete Information,easy,1,1
Incomplete Information,hard,1,0
Misinterpretation of #Question#,medium,0,0
Misinterpretation of #Question#,easy,0,1
Misinterpretation of #Question#,hard,0,0
Misinterpretation of #Question#,hard,0,0
Misinterpretation of #Question#,hard,0,0
Misinterpretation of #Question#,hard,0,0
Mechanism and Pathway Misattribution,easy,2,2
Misinterpretation of #Question#,hard,0,0
Incomplete Information,easy,1,0
Misinterpretation of #Question#,easy,0,0
Misinterpretation of #Question#,medium,0,0
Incomplete Information,medium,1,1
Misinterpretation of #Question#,easy,0,0
Incomplete Information,hard,1,0
Misinterpretation of #Question#,medium,0,0
Misinterpretation of #Question#,easy,0,0
Misinterpretation of #Question#,hard,0,0
Misinterpretation of #Question#,medium,0,0
Misinterpretation of #Question#,hard,0,0
Misinterpretation of #Question#,hard,0,0
Misinterpretation of #Question#,easy,0,0
Misinterpretation of #Question#,easy,0,1
Misinterpretation of #Question#,medium,0,1
Misinterpretation of #Question#,hard,0,0
Misinterpretation of #Question#,medium,0,0
Misinterpretation of #Question#,hard,0,0
Mechanism and Pathway Misattribution,hard,2,1
Misinterpretation of #Question#,medium,0,2
Incomplete Information,medium,1,0
Misinterpretation of #Question#,easy,0,0
Misinterpretation of #Question#,medium,0,1
Misinterpretation of #Question#,hard,0,0
Misinterpretation of #Question#,easy,0,1
Incomplete Information,hard,1,0
Misinterpretation of #Question#,medium,0,1
Misinterpretation of #Question#,medium,0,0
Incomplete Information,hard,1,1
Misinterpretation of #Question#,medium,0,1
Misinterpretation of #Question#,easy,0,0
Incomplete Information,hard,1,1
Misinterpretation of #Question#,medium,0,0
Misinterpretation of #Question#,easy,0,1
Misinterpretation of #Question#,medium,0,0
Misinterpretation of #Question#,easy,0,0
Misinterpretation of #Question#,medium,0,0
Misinterpretation of #Question#,hard,0,2
Misinterpretation of #Question#,easy,0,0
Misinterpretation of #Question#,medium,0,1
Misinterpretation of #Question#,hard,0,0
Misinterpretation of #Question#,easy,0,0
Incomplete Information,hard,1,1
Incomplete Information,hard,1,0
Misinterpretation of #Question#,easy,0,0
Misinterpretation of #Question#,medium,0,0
Misinterpretation of #Question#,medium,0,0
Misinterpretation of #Question#,medium,0,0
Incomplete Information,medium,1,0
Incomplete Information,easy,1,0
Incomplete Information,easy,1,0
Misinterpretation of #Question#,easy,0,0
Misinterpretation of #Question#,easy,0,0
Misinterpretation of #Question#,medium,0,0
Incomplete Information,hard,1,1
Incomplete Information,medium,1,1
Incomplete Information,hard,1,1
Misinterpretation of #Question#,medium,0,0
Incomplete Information,medium,1,1
Misinterpretation of #Question#,medium,0,1
Incomplete Information,medium,1,1
Misinterpretation of #Question#,medium,0,1
Misinterpretation of #Question#,medium,0,1
Incomplete Information,medium,1,1
Incomplete Information,hard,1,0
Incomplete Information,hard,1,1
Misinterpretation of #Question#,easy,0,0
Misinterpretation of #Question#,medium,0,0
Misinterpretation of #Question#,medium,0,0
Misinterpretation of #Question#,hard,0,2
Misinterpretation of #Question#,hard,0,1
Misinterpretation of #Question#,hard,0,1
Misinterpretation of #Question#,hard,0,0
Misinterpretation of #Question#,hard,0,0
Incomplete Information,easy,1,0
Misinterpretation of #Question#,hard,0,0
Misinterpretation of #Question#,hard,0,0
Misinterpretation of #Question#,easy,0,1
Incomplete Information,easy,1,1
Misinterpretation of #Question#,easy,0,0
Methodological and Evidence Fabrication,medium,3,0
Misinterpretation of #Question#,hard,0,0
Incomplete Information,hard,1,0
Incomplete Information,hard,1,0
Misinterpretation of #Question#,hard,0,0
Misinterpretation of #Question#,hard,0,0
Misinterpretation of #Question#,hard,0,0
Misinterpretation of #Question#,hard,0,0
Incomplete Information,easy,1,1
Misinterpretation of #Question#,medium,0,0
Misinterpretation of #Question#,medium,0,0
Incomplete Information,medium,1,1
Misinterpretation of #Question#,hard,0,0
Misinterpretation of #Question#,medium,0,1
Misinterpretation of #Question#,hard,0,0
Misinterpretation of #Question#,medium,0,0
Misinterpretation of #Question#,medium,0,0
Misinterpretation of #Question#,hard,0,0
Misinterpretation of #Question#,hard,0,0
Incomplete Information,medium,1,0
Misinterpretation of #Question#,easy,0,0
Misinterpretation of #Question#,easy,0,0
Incomplete Information,hard,1,1
Misinterpretation of #Question#,medium,0,0
Misinterpretation of #Question#,hard,0,0
Incomplete Information,hard,1,1
Incomplete Information,hard,1,0
Mechanism and Pathway Misattribution,medium,2,2
Misinterpretation of #Question#,hard,0,0
Misinterpretation of #Question#,hard,0,1
Incomplete Information,medium,1,1
Incomplete Information,hard,1,1
Misinterpretation of #Question#,easy,0,0
Misinterpretation of #Question#,easy,0,0
Incomplete Information,medium,1,0
Misinterpretation of #Question#,medium,0,0
Misinterpretation of #Question#,medium,0,0
Misinterpretation of #Question#,medium,0,0
Misinterpretation of #Question#,hard,0,1
Misinterpretation of #Question#,easy,0,0
Misinterpretation of #Question#,hard,0,1
Misinterpretation of #Question#,hard,0,0
Misinterpretation of #Question#,easy,0,0
Incomplete Information,medium,1,1
Misinterpretation of #Question#,medium,0,1
Misinterpretation of #Question#,hard,0,0
Misinterpretation of #Question#,hard,0,0
Misinterpretation of #Question#,medium,0,0
Misinterpretation of #Question#,medium,0,0
Misinterpretation of #Question#,medium,0,1
Misinterpretation of #Question#,hard,0,2
Incomplete Information,medium,1,1
Misinterpretation of #Question#,easy,0,0
Misinterpretation of #Question#,medium,0,0
Misinterpretation of #Question#,medium,0,0
Misinterpretation of #Question#,medium,0,0
Incomplete Information,hard,1,1
Misinterpretation of #Question#,hard,0,0
Mechanism and Pathway Misattribution,hard,2,2
Incomplete Information,medium,1,1
Misinterpretation of #Question#,easy,0,0
Incomplete Information,medium,1,1
Misinterpretation of #Question#,hard,0,0
Misinterpretation of #Question#,hard,0,2
Misinterpretation of #Question#,hard,0,0
Misinterpretation of #Question#,medium,0,0
Misinterpretation of #Question#,medium,0,1
Misinterpretation of #Question#,hard,0,0
Misinterpretation of #Question#,easy,0,0
Misinterpretation of #Question#,hard,0,0
Misinterpretation of #Question#,medium,0,0
Misinterpretation of #Question#,easy,0,1
Incomplete Information,easy,1,1
Misinterpretation of #Question#,hard,0,0
Misinterpretation of #Question#,hard,0,0
Misinterpretation of #Question#,medium,0,0
Misinterpretation of #Question#,hard,0,0
Misinterpretation of #Question#,easy,0,0
Misinterpretation of #Question#,hard,0,0
Misinterpretation of #Question#,hard,0,0
Misinterpretation of #Question#,hard,0,0
Misinterpretation of #Question#,hard,0,0
Misinterpretation of #Question#,medium,0,1
Misinterpretation of #Question#,medium,0,0
Misinterpretation of #Question#,easy,0,0
Misinterpretation of #Question#,hard,0,0
Misinterpretation of #Question#,easy,0,0
Incomplete Information,medium,1,1
Misinterpretation of #Question#,easy,0,1
Misinterpretation of #Question#,easy,0,0
Incomplete Information,medium,1,1
Incomplete Information,hard,1,1
Misinterpretation of #Question#,medium,0,1
Misinterpretation of #Question#,medium,0,0
Mechanism and Pathway Misattribution,easy,2,0
Misinterpretation of #Question#,hard,0,0
Misinterpretation of #Question#,hard,0,1
Misinterpretation of #Question#,hard,0,0
Misinterpretation of #Question#,hard,0,0
Misinterpretation of #Question#,medium,0,0
Misinterpretation of #Question#,hard,0,1
Incomplete Information,easy,1,0
Misinterpretation of #Question#,hard,0,0
Misinterpretation of #Question#,hard,0,0
Misinterpretation of #Question#,medium,0,0
Misinterpretation of #Question#,hard,0,0
Misinterpretation of #Question#,medium,0,0
Incomplete Information,medium,1,1
Misinterpretation of #Question#,hard,0,0
Misinterpretation of #Question#,hard,0,0
Misinterpretation of #Question#,hard,0,1
Misinterpretation of #Question#,medium,0,0
Misinterpretation of #Question#,hard,0,0
Misinterpretation of #Question#,easy,0,0
Misinterpretation of #Question#,hard,0,0
Incomplete Information,medium,1,0
Misinterpretation of #Question#,easy,0,0
Incomplete Information,easy,1,1
Misinterpretation of #Question#,easy,0,0
Misinterpretation of #Question#,medium,0,0
Misinterpretation of #Question#,easy,0,0
Misinterpretation of #Question#,hard,0,1
Misinterpretation of #Question#,easy,0,0
Misinterpretation of #Question#,hard,0,0
Misinterpretation of #Question#,easy,0,0
Misinterpretation of #Question#,medium,0,0
Misinterpretation of #Question#,hard,0,1
Misinterpretation of #Question#,hard,0,1
Misinterpretation of #Question#,easy,0,0
Misinterpretation of #Question#,easy,0,0
Incomplete Information,hard,1,1
Misinterpretation of #Question#,hard,0,0
Incomplete Information,hard,1,1
Misinterpretation of #Question#,hard,0,0
Incomplete Information,easy,1,0
Misinterpretation of #Question#,hard,0,0
Misinterpretation of #Question#,hard,0,0
Misinterpretation of #Question#,hard,0,1
Methodological and Evidence Fabrication,easy,3,0
Mechanism and Pathway Misattribution,medium,2,2
Misinterpretation of #Question#,easy,0,0
Misinterpretation of #Question#,easy,0,0
Misinterpretation of #Question#,medium,0,0
Misinterpretation of #Question#,easy,0,2
Misinterpretation of #Question#,hard,0,1
Incomplete Information,easy,1,0
Misinterpretation of #Question#,medium,0,0
Misinterpretation of #Question#,easy,0,1
Misinterpretation of #Question#,easy,0,0
Misinterpretation of #Question#,hard,0,1
Misinterpretation of #Question#,medium,0,0
Misinterpretation of #Question#,hard,0,0
Misinterpretation of #Question#,easy,0,0
Misinterpretation of #Question#,hard,0,0
Misinterpretation of #Question#,hard,0,0
Misinterpretation of #Question#,easy,0,1
Misinterpretation of #Question#,easy,0,1
Incomplete Information,hard,1,1
Misinterpretation of #Question#,easy,0,0
Misinterpretation of #Question#,hard,0,1
Incomplete Information,easy,1,1
Misinterpretation of #Question#,medium,0,1
Misinterpretation of #Question#,hard,0,0
Misinterpretation of #Question#,hard,0,1
Misinterpretation of #Question#,hard,0,0
Misinterpretation of #Question#,hard,0,0
Misinterpretation of #Question#,medium,0,0
Incomplete Information,hard,1,1
Incomplete Information,medium,1,1
Misinterpretation of #Question#,easy,0,0
Incomplete Information,hard,1,0
Misinterpretation of #Question#,easy,0,1
Misinterpretation of #Question#,hard,0,0
Misinterpretation of #Question#,medium,0,0
Misinterpretation of #Question#,easy,0,1
Incomplete Information,medium,1,1
Misinterpretation of #Question#,medium,0,1
Incomplete Information,easy,1,1
Misinterpretation of #Question#,medium,0,0
Misinterpretation of #Question#,hard,0,0
Incomplete Information,hard,1,1
Misinterpretation of #Question#,medium,0,2
Misinterpretation of #Question#,medium,0,0
Misinterpretation of #Question#,easy,0,1
Misinterpretation of #Question#,easy,0,0
Misinterpretation of #Question#,easy,0,0
Misinterpretation of #Question#,hard,0,0
Misinterpretation of #Question#,hard,0,0
Misinterpretation of #Question#,hard,0,1
Misinterpretation of #Question#,medium,0,1
Incomplete Information,easy,1,0
Misinterpretation of #Question#,easy,0,0
Mechanism and Pathway Misattribution,easy,2,0
Misinterpretation of #Question#,easy,0,0
Misinterpretation of #Question#,medium,0,0
Misinterpretation of #Question#,easy,0,0
Misinterpretation of #Question#,medium,0,0
Misinterpretation of #Question#,medium,0,0
Misinterpretation of #Question#,hard,0,0
Incomplete Information,medium,1,0
Misinterpretation of #Question#,hard,0,0
Misinterpretation of #Question#,easy,0,0
Mechanism and Pathway Misattribution,hard,2,2
Incomplete Information,medium,1,1
Misinterpretation of #Question#,medium,0,0
Misinterpretation of #Question#,hard,0,0
Misinterpretation of #Question#,hard,0,0
Misinterpretation of #Question#,easy,0,0
Mechanism and Pathway Misattribution,medium,2,2
Mechanism and Pathway Misattribution,medium,2,0
Misinterpretation of #Question#,hard,0,0
Incomplete Information,medium,1,1
Misinterpretation of #Question#,medium,0,0
Misinterpretation of #Question#,medium,0,0
Misinterpretation of #Question#,medium,0,0
Misinterpretation of #Question#,hard,0,0
Misinterpretation of #Question#,medium,0,0
Incomplete Information,hard,1,1
Misinterpretation of #Question#,hard,0,0
Misinterpretation of #Question#,medium,0,0
Misinterpretation of #Question#,easy,0,0
Misinterpretation of #Question#,hard,0,1
Misinterpretation of #Question#,medium,0,2
Misinterpretation of #Question#,hard,0,1
Incomplete Information,easy,1,1
Misinterpretation of #Question#,easy,0,0
Incomplete Information,easy,1,0
Mechanism and Pathway Misattribution,medium,2,1
Misinterpretation of #Question#,medium,0,0
Incomplete Information,medium,1,0
Incomplete Information,hard,1,0
Misinterpretation of #Question#,medium,0,0
Misinterpretation of #Question#,easy,0,0
Incomplete Information,medium,1,1
Misinterpretation of #Question#,easy,0,0
Misinterpretation of #Question#,easy,0,1
Misinterpretation of #Question#,hard,0,0
Misinterpretation of #Question#,easy,0,0
Misinterpretation of #Question#,medium,0,0
Misinterpretation of #Question#,hard,0,0
Misinterpretation of #Question#,medium,0,1
Misinterpretation of #Question#,hard,0,1
Misinterpretation of #Question#,medium,0,1
Incomplete Information,medium,1,0
Misinterpretation of #Question#,hard,0,0
Misinterpretation of #Question#,hard,0,0
Misinterpretation of #Question#,easy,0,0
Misinterpretation of #Question#,easy,0,3
Misinterpretation of #Question#,medium,0,0
Misinterpretation of #Question#,medium,0,0
Incomplete Information,medium,1,1
Misinterpretation of #Question#,medium,0,0
Misinterpretation of #Question#,hard,0,0
Incomplete Information,hard,1,0
Incomplete Information,hard,1,1
Misinterpretation of #Question#,hard,0,0
Misinterpretation of #Question#,hard,0,0
Misinterpretation of #Question#,hard,0,0
Misinterpretation of #Question#,medium,0,0
Misinterpretation of #Question#,medium,0,0
Misinterpretation of #Question#,hard,0,0
Misinterpretation of #Question#,medium,0,0
Misinterpretation of #Question#,easy,0,0
Misinterpretation of #Question#,medium,0,0
